Dataset 1,80-8,80-8-6.txt,20.7935,82,82,0.100951,82,82,2,690,2,2,0.0478981,0.023949
Dataset 1,70-8,70-8-8.txt,41.7067,73,73,21.7433,73,73,2,783,3,72,21.6597,0.30083
Dataset 1,80-8,80-8-1.txt,62.971,86,86,0.211399,86,86,2,818,2,2,0.137165,0.0685825
Dataset 1,70-8,70-8-2.txt,70.6062,74,74,54.5355,74,74,2,931,4,142,54.3656,0.382856
Dataset 1,90-8,90-8-4.txt,118.928,102,102,0.243717,102,102,2,949,2,2,0.15314,0.07657
Dataset 1,70-8,70-8-9.txt,19.2779,75,75,0.107919,75,75,2,599,2,2,0.0617931,0.0308965
Dataset 1,80-8,80-8-10.txt,66.9196,87,87,0.171963,87,87,2,946,2,2,0.0933318,0.0466659
Dataset 1,80-8,80-8-7.txt,70.6877,85,85,42.184,85,85,2,923,3,82,42.0635,0.51297
Dataset 1,90-8,90-8-1.txt,111.034,92,92,71.2787,92,92,2,1009,3,92,71.1092,0.772926
Dataset 1,80-8,80-8-8.txt,62.7893,87,87,0.260584,87,87,2,876,2,2,0.186255,0.0931275
Dataset 1,80-8,80-8-2.txt,30.0327,84,84,0.148769,84,84,2,744,2,2,0.087708,0.043854
Dataset 1,90-8,90-8-10.txt,101.687,92,92,66.7092,91.3333,92,2,1088,3,92,66.5479,0.723347
Dataset 1,80-8,80-8-3.txt,68.0727,86,86,0.147007,86,86,2,857,2,2,0.0739608,0.0369804
Dataset 1,80-8,80-8-9.txt,77.2369,87,87,48.1135,87,87,2,905,3,82,47.9624,0.584907
Dataset 1,70-8,70-8-1.txt,45.6867,72,72,27.7816,72,72,2,835,3,72,27.6806,0.384453
Dataset 1,80-8,80-8-4.txt,139.803,89,89,75.7206,88.3333,89,2,1008,3,82,75.5679,0.92156
Dataset 1,70-8,70-8-10.txt,74.8658,77,77,35.3663,77,77,2,959,3,72,35.2424,0.489478
Dataset 1,70-8,70-8-3.txt,1800,76,77,0.103378,76,77,3441,717,6882,6881,1123.67,0.1633
Dataset 1,70-8,70-8-4.txt,49.5292,73,73,30.3632,73,73,2,806,3,72,30.2646,0.420341
Dataset 1,70-8,70-8-5.txt,97.488,78,78,47.6095,78,78,2,891,3,72,47.4929,0.659624
Dataset 1,70-8,70-8-6.txt,40.9298,71,71,0.145429,71,71,2,768,2,2,0.091835,0.0459175
Dataset 1,90-8,90-8-5.txt,1821.27,97,98,0.170794,97,99,1722,1217,3446,3623,1045.88,0.288677
Dataset 1,70-8,70-8-7.txt,44.8665,76,76,26.989,76,76,2,793,3,72,26.8917,0.373496
Dataset 1,90-8,90-8-2.txt,195.218,100,100,95.2486,100,100,2,1252,3,92,95.0505,1.03316
Dataset 1,80-8,80-8-5.txt,266.851,87,87,68.952,87,88,20,1079,40,198,184.389,0.93126
Dataset 1,100-10,100-10-1.txt,1301.87,114,114,0.38401,114,116,50,1917,99,198,414.341,2.09263
Dataset 1,100-10,100-10-6.txt,873.564,115,115,451.207,115,115,2,1679,3,102,450.776,4.41937
Dataset 1,90-8,90-8-6.txt,100.542,98,98,0.206901,98,98,2,922,2,2,0.114686,0.057343
Dataset 1,90-8,90-8-7.txt,13.1757,92,92,0.143555,92,92,2,632,2,2,0.0930071,0.0465035
Dataset 1,90-8,90-8-3.txt,101.6,98,98,0.151929,98,98,2,938,2,2,0.0600181,0.030009
Dataset 1,90-8,90-8-8.txt,106.134,94,94,69.8777,94,94,2,1038,3,92,69.7486,0.758137
Dataset 1,90-8,90-8-9.txt,109.82,98,98,0.287793,98,98,2,1046,2,2,0.192564,0.096282
Dataset 1,100-12,100-12-2.txt,2368.82,0,333,940.974,0,333,1,2203,3,101,940.635,9.31322
Dataset 1,90-10,90-10-4.txt,260.293,97,97,0.257119,97,97,2,1291,2,2,0.121149,0.0605745
Dataset 1,100-12,100-12-8.txt,1888.76,0,335,0,0,335,1,1892,0,0,0,#NAME?
Dataset 1,100-10,100-10-7.txt,767.961,111,111,339.477,111,111,2,1624,3,102,339.092,3.32443
Dataset 1,100-10,100-10-10.txt,1800,110,112,0.357079,110,112,1485,1644,2970,2969,307.793,0.103669
Dataset 1,100-10,100-10-2.txt,918.669,111,111,435.666,111,111,2,1656,3,102,435.344,4.26808
Dataset 1,100-10,100-10-8.txt,912.773,114,114,420.951,114,114,2,1655,3,102,420.674,4.12425
Dataset 1,90-10,90-10-5.txt,1520.22,99,99,281.908,99,100,12,2139,26,382,1243.34,3.25482
Dataset 1,100-12,100-12-3.txt,2188.32,0,324,1317.16,0,324,1,2146,3,200,1316.74,6.5837
Dataset 1,100-12,100-12-9.txt,2287.04,0,343,903.287,0,343,1,2185,2,100,903.051,9.03051
Dataset 1,90-10,90-10-6.txt,588.684,102,102,249.131,102,102,2,1453,3,92,248.895,2.70538
Dataset 1,100-10,100-10-3.txt,805.41,110,110,0.290528,110,116,29,1657,57,156,358.771,2.29981
Dataset 1,100-10,100-10-9.txt,770.42,114,114,370.355,114,114,2,1595,3,102,369.984,3.6273
Dataset 1,100-12,100-12-4.txt,1826.16,0,331,0,0,331,1,1921,0,0,0,#NAME?
Dataset 1,90-10,90-10-1.txt,745.785,99,99,329.39,99,99,2,1483,3,92,329.122,3.57742
Dataset 1,90-10,90-10-7.txt,609.203,99,99,0.243869,99,100,21,1454,41,130,269.931,2.07639
Dataset 1,100-10,100-10-4.txt,997.863,110,110,0.387455,110,114,6,1797,11,110,491.623,4.4693
Dataset 1,90-10,90-10-8.txt,291.915,98,98,0.387438,98,98,2,1382,2,2,0.233839,0.11692
Dataset 1,100-12,100-12-1.txt,2444.38,0,336,849.59,0,336,1,2124,2,100,849.551,8.49551
Dataset 1,90-10,90-10-9.txt,583.39,102,102,0.24548,102,103,19,1509,37,126,233.382,1.85224
Dataset 1,90-10,90-10-10.txt,1800.06,104,105,205.875,104,105,2265,1502,4531,4619,410.317,0.0888324
Dataset 1,100-10,100-10-5.txt,812.344,111,111,342.853,111,111,2,1696,3,102,342.603,3.35885
Dataset 1,100-12,100-12-5.txt,2439.79,0,325,1636.95,0,325,1,2233,3,200,1636.56,8.18282
Dataset 1,90-10,90-10-2.txt,758.03,101,101,0.284016,101,102,168,1497,335,424,199.272,0.469982
Dataset 1,100-8,100-8-6.txt,159.58,105,105,106.132,105,105,2,968,3,102,105.99,1.03912
Dataset 1,100-8,100-8-1.txt,288.444,107,107,138.726,107,107,2,1319,3,102,138.489,1.35774
Dataset 1,100-8,100-8-7.txt,324.964,109,109,0.536051,108.25,110,9,1381,17,116,160.713,1.38546
Dataset 1,100-12,100-12-10.txt,2553.82,0,325,1406.98,0,325,1,2094,3,200,1406.77,7.03385
Dataset 1,100-8,100-8-10.txt,131.011,104,104,0.209779,103.25,104,2,1194,2,2,0.107575,0.0537874
Dataset 1,100-8,100-8-8.txt,296.064,107,107,157.663,107,107,2,1295,3,102,157.415,1.54329
Dataset 1,90-10,90-10-3.txt,679.425,101,101,297.566,101,101,2,1498,3,92,297.243,3.2309
Dataset 1,100-12,100-12-6.txt,2054.65,0,339,0,0,339,1,1981,0,0,0,#NAME?
Dataset 1,100-8,100-8-2.txt,165.511,110,110,106.459,110,110,2,1089,3,102,106.229,1.04146
Dataset 1,100-8,100-8-9.txt,345.301,112,112,145.827,111.5,112,2,1319,3,102,145.674,1.42818
Dataset 1,100-8,100-8-3.txt,143.742,109,109,0.720254,109,109,2,1087,2,2,0.615321,0.30766
Dataset 1,100-8,100-8-4.txt,308.484,106,106,131.479,106,106,2,1394,3,102,131.231,1.28658
Dataset 1,90-12,90-12-2.txt,2238.68,0,303,862.142,0,303,1,2053,3,91,861.826,9.47061
Dataset 1,100-8,100-8-5.txt,446.807,111,111,0.329299,110.5,112,4,1474,8,206,286.454,1.39055
Dataset 1,90-12,90-12-8.txt,2341.87,0,303,824.472,0,303,1,2156,3,91,824.174,9.05686
Dataset 1,100-12,100-12-7.txt,2570.58,0,333,985.265,0,333,1,2212,2,100,985.118,9.85118
Dataset 1,90-12,90-12-1.txt,2026.95,0,304,1269.5,0,304,1,2006,3,180,1269.33,7.05183
Dataset 1,80-10,80-10-4.txt,1800.01,87,88,0.173299,87,88,4241,1160,8482,8482,228.663,0.0269586
Dataset 1,70-10,70-10-1.txt,352.515,78,78,87.879,78,79,16,1312,32,170,223.156,1.31268
Dataset 1,80-10,80-10-5.txt,407.178,97,97,170.885,97,97,2,1283,3,82,170.722,2.08197
Dataset 1,90-12,90-12-3.txt,3348.3,0,311,2083.77,0,311,1,2015,4,181,2083.32,11.5101
Dataset 1,70-10,70-10-10.txt,356.863,82,82,91.2914,82,83,5,1243,10,148,196.673,1.32887
Dataset 1,90-12,90-12-9.txt,2651.8,0,300,1371.42,0,300,1,1925,4,181,1370.98,7.57448
Dataset 1,90-12,90-12-10.txt,2511.61,107,108,1018.1,107,108,41,2206,85,351,1795.49,5.11536
Dataset 1,70-10,70-10-2.txt,204.637,81,81,98.6635,81,81,2,1148,3,72,98.499,1.36804
Dataset 1,80-10,80-10-6.txt,381.592,91,91,170.125,91,91,2,1361,3,82,169.891,2.07184
Dataset 1,70-10,70-10-3.txt,704.536,78,78,114.345,78,79,107,1276,214,352,479.711,1.36282
Dataset 1,80-10,80-10-1.txt,385.79,88,88,171.604,88,88,2,1211,3,82,171.375,2.08994
Dataset 1,70-10,70-10-6.txt,382.969,78,78,0.184576,78,80,19,1246,38,176,264.836,1.50475
Dataset 1,90-12,90-12-4.txt,1848.19,0,300,767.541,0,300,1,2044,3,91,767.256,8.43139
Dataset 1,70-10,70-10-4.txt,231.025,79,79,94.6394,79,79,2,1167,3,72,94.4448,1.31173
Dataset 1,80-10,80-10-7.txt,431.454,91,91,0.266479,91,93,10,1296,19,98,183.708,1.87457
Dataset 1,70-10,70-10-5.txt,541.374,80,80,273.126,80,80,2,1295,4,142,272.787,1.92103
Dataset 1,70-10,70-10-7.txt,242.677,81,81,106.728,80.5,81,2,1270,3,72,106.53,1.47959
Dataset 1,80-10,80-10-8.txt,218.192,90,90,98.9218,90,90,2,1145,3,82,98.7585,1.20437
Dataset 1,70-10,70-10-8.txt,358.063,80,80,47.3972,80,81,38,1485,78,354,273.379,0.772256
Dataset 1,70-12,70-12-2.txt,835.612,84,84,220.484,84,86,34,1678,68,206,404.608,1.96412
Dataset 1,80-10,80-10-10.txt,1320.11,90,90,0.644966,90,92,87,1923,176,492,900.613,1.83051
Dataset 1,80-10,80-10-9.txt,392.799,85,85,0.238751,85,88,3,1330,5,84,194.116,2.31091
Dataset 1,90-12,90-12-5.txt,1800.14,106,109,0.475552,106,109,731,1871,1462,1462,70.0677,0.0479259
Dataset 1,70-10,70-10-9.txt,1800.05,80,81,106.369,80,81,2696,1168,5392,5460,483.869,0.0886208
Dataset 1,70-12,70-12-3.txt,1980.37,79,80,495.238,79,81,51,1852,106,381,1483.28,3.89313
Dataset 1,80-10,80-10-2.txt,1801.57,89,90,152.675,89,90,2561,1436,5123,5281,352.312,0.0667132
Dataset 1,70-12,70-12-8.txt,1800.04,81,83,253.414,81,83,1674,1679,3349,3417,595.574,0.174297
Dataset 1,70-12,70-12-1.txt,1744.6,78,78,236.68,78,80,41,2137,85,430,1260.2,2.9307
Dataset 1,90-12,90-12-6.txt,1896.61,0,307,700.763,0,307,1,2004,2,90,700.589,7.78432
Dataset 1,80-10,80-10-3.txt,375.885,84,84,190.742,84,84,2,1292,3,82,190.524,2.32346
Dataset 1,70-12,70-12-4.txt,2023.55,81,82,524.108,81,84,156,1989,317,661,1484.96,2.24653
Dataset 1,70-12,70-12-9.txt,1800.03,79,80,215.704,79,80,1879,1546,3759,3828,575.718,0.150397
Dataset 1,70-12,70-12-10.txt,1800.07,83,84,540.489,83,84,1543,1568,3087,3224,689.031,0.213719
Dataset 1,70-12,70-12-5.txt,731.474,79,79,463.262,79,79,2,1537,4,142,462.91,3.25993
Dataset 1,90-12,90-12-7.txt,1828.2,0,296,985.449,0,296,1,1941,3,180,985.069,5.47261
Dataset 1,80-12,80-12-4.txt,2101,94,96,439.597,94,96,97,2169,197,433,1366.58,3.15607
Dataset 1,80-12,80-12-1.txt,1800.07,94,97,356.146,94,97,1805,1623,3610,3688,496.965,0.134752
Dataset 1,70-12,70-12-6.txt,972.341,81,81,485.7,81,84,9,1695,19,226,703.714,3.11378
Dataset 1,80-12,80-12-5.txt,1329.05,93,93,938.721,93,93,2,1921,5,242,937.987,3.87598
Dataset 1,80-12,80-12-10.txt,1863.94,91,92,412.619,91,95,47,2020,97,333,1096.11,3.29163
Dataset 1,70-12,70-12-7.txt,1800.01,84,89,222.176,84,89,2211,1505,4422,4490,527.247,0.117427
Dataset 1,80-12,80-12-6.txt,1997.08,92,95,1172.06,92,95,2,2018,8,323,1575.25,4.87693
Dataset 1,80-12,80-12-2.txt,1620.98,97,97,435.575,97,98,7,1712,14,172,970.93,5.64494
Dataset 1,80-12,80-12-7.txt,1570.02,88,88,0.324392,88,91,22,1973,43,122,578.725,4.74365
Dataset 1,80-12,80-12-3.txt,1874.69,0,155,947.347,0,155,1,1927,3,160,947.267,5.92042
Dataset 1,80-12,80-12-8.txt,1905.99,96,98,846.496,96,98,17,1861,37,273,1291.39,4.73037
Dataset 1,80-12,80-12-9.txt,1220.6,98,98,0.290774,98,101,19,1898,37,116,440.619,3.79844
Dataset 2,120-2,120-2-1.txt,2.89559,50,50,1.95802,50,50,2,328,4,120,1.86285,0.0155237
Dataset 2,120-2,120-2-7.txt,1.73557,48,48,0.904082,48,48,2,240,3,58,0.844543,0.0145611
Dataset 2,120-2,120-2-2.txt,10.6421,52,52,9.87139,51.5,52,2,580,8,362,9.60407,0.0265306
Dataset 2,120-2,120-2-4.txt,26.8016,47,47,25.8477,47,47,2,926,14,686,25.2357,0.0367868
Dataset 2,120-2,120-2-9.txt,31.6809,48,48,30.9399,47.0714,48,2,1033,13,629,30.3425,0.0482392
Dataset 2,120-2,120-2-3.txt,11.8737,50,50,6.60077,50,51,10,557,23,318,9.31968,0.0293072
Dataset 2,120-2,120-2-8.txt,7.39253,48,48,6.64827,48,48,2,507,7,287,6.43056,0.0224061
Dataset 2,120-2,120-2-5.txt,25.3565,52,52,24.1724,52,52,2,776,10,506,23.779,0.0469941
Dataset 2,600-2,600-2-10.txt,545.405,241,241,513.196,241,241,2,6241,7,1497,507.785,0.339202
Dataset 2,120-2,120-2-10.txt,32.8656,48,48,31.9414,47.5,48,2,1048,15,756,31.2579,0.0413465
Dataset 2,120-2,120-2-6.txt,10.0744,48,48,9.28243,48,48,2,629,8,350,8.99372,0.0256964
Dataset 2,600-2,600-2-1.txt,397.376,238,238,362.973,238,238,2,5760,6,1178,357.803,0.303738
Dataset 2,600-2,600-2-6.txt,444.281,243,243,410.155,243,243,2,5297,6,1206,405.011,0.33583
Dataset 2,600-2,600-2-8.txt,1800.27,235,236,1561.92,235,236,84,9359,177,2796,1564.18,0.559437
Dataset 2,600-2,600-2-2.txt,1976.87,0,600,1949.57,0,600,1,10986,12,2951,1936.7,0.656286
Dataset 2,700-2,700-2-10.txt,642.406,283,283,592.787,283,283,2,6678,6,1406,585.342,0.416318
Dataset 2,600-2,600-2-4.txt,2119.17,0,600,2081.49,0,600,1,9299,10,2457,2071.66,0.843168
Dataset 2,700-2,700-2-3.txt,1781.92,283,283,1285.21,283,284,3,9547,11,2468,1716.35,0.695442
Dataset 2,600-2,600-2-7.txt,2006.34,0,600,1975.92,0,600,1,9496,12,2991,1964.78,0.656898
Dataset 2,700-2,700-2-2.txt,811.787,279,279,761.791,279,279,2,7820,7,1732,751.951,0.434152
Dataset 2,600-2,600-2-9.txt,2117.01,0,600,2084.75,0,600,1,10286,12,2981,2072.68,0.695296
Dataset 2,600-2,600-2-3.txt,1801.59,239,241,542.791,239,241,2,6070,9,1489,536.871,0.360558
Dataset 2,700-2,700-2-4.txt,398.371,275,275,348.534,275,275,2,5997,5,1028,342.383,0.333058
Dataset 2,600-2,600-2-5.txt,858.609,244,244,822.75,244,244,2,6987,8,1814,815.225,0.449407
Dataset 2,700-2,700-2-5.txt,627.267,281,281,573.599,281,281,2,7038,6,1398,564.996,0.404146
Dataset 2,250-2,250-2-1.txt,48.7756,98,98,30.3487,98,99,4,1543,11,606,42.4133,0.0699889
Dataset 2,250-2,250-2-2.txt,608.917,101,101,604.898,100.085,101,2,3760,22,2482,601.191,0.24222
Dataset 2,700-2,700-2-8.txt,911.913,278,278,856.195,278,278,2,7892,7,1727,846.537,0.490178
Dataset 2,250-2,250-2-10.txt,156.4,102,102,152.464,102,102,2,2391,13,1377,150.809,0.10952
Dataset 2,700-2,700-2-1.txt,1835.29,0,700,1783.14,0,700,1,10316,9,2479,1769.44,0.713773
Dataset 2,250-2,250-2-7.txt,300.328,103,103,141.741,103,104,14,2810,40,1804,285.647,0.158341
Dataset 2,700-2,700-2-6.txt,1178.3,278,278,1129.85,278,278,2,8830,8,2072,1119.3,0.5402
Dataset 2,250-2,250-2-5.txt,109.83,102,102,106.069,102,102,2,2039,10,1002,104.832,0.104623
Dataset 2,700-2,700-2-9.txt,1255.67,286,286,1210.87,286,286,2,8793,8,2132,1200.9,0.563272
Dataset 2,250-2,250-2-6.txt,101.901,101,101,98.5353,101,101,2,2061,11,1118,97.2371,0.0869741
Dataset 2,250-2,250-2-3.txt,1800.06,104,105,82.0975,104,105,3297,1742,6600,7361,185.698,0.0252273
Dataset 2,250-2,250-2-9.txt,1800.07,101,102,215.503,101,102,1978,2796,3968,5444,294.57,0.0541091
Dataset 2,250-2,250-2-8.txt,1800.06,100,101,22.9463,100,101,4749,1224,9501,9867,168.374,0.0170643
Dataset 2,700-2,700-2-7.txt,1987.03,0,700,1933.9,0,700,1,9773,9,2563,1922.76,0.750197
Dataset 2,500-2,500-2-6.txt,242.367,202,202,221.658,202,202,2,3921,6,1002,218.726,0.21829
Dataset 2,500-2,500-2-4.txt,799.866,203,203,780.426,203,203,2,6251,10,2018,774.447,0.38377
Dataset 2,250-2,250-2-4.txt,469.767,102,102,465.707,101.012,102,2,3793,18,1986,462.58,0.23292
Dataset 2,500-2,500-2-2.txt,191.518,195,195,173.309,195,195,2,3826,6,966,170.641,0.176647
Dataset 2,500-2,500-2-1.txt,1003.01,201,201,979.708,201,201,2,6464,11,2243,973.045,0.433814
Dataset 2,500-2,500-2-5.txt,1025.34,199,199,1005.23,199,199,2,6376,12,2472,998.44,0.4039
Dataset 2,500-2,500-2-3.txt,850.122,203,203,830.099,203,203,2,6289,10,2018,824.288,0.408468
Dataset 2,500-2,500-2-7.txt,1800.12,199,200,142.544,199,200,1438,3346,2879,3614,243.957,0.0675032
Dataset 2,500-2,500-2-9.txt,2101.99,0,500,2083.3,0,500,1,8961,14,3013,2074.56,0.688535
Dataset 2,500-2,500-2-10.txt,1656.76,197,197,1175.79,197,198,5,8437,21,3180,1622.78,0.510309
Dataset 2,500-2,500-2-8.txt,1991.84,0,500,1973.34,0,500,1,8830,15,3212,1964.45,0.611597
Dataset 3,15-100-2,15-100-2-6.txt,0.172012,14,14,0.070845,14,14,1,252,3,17,0.0590434,0.00347314
Dataset 3,15-100-2,15-100-2-1.txt,0.182698,14,14,0.084668,14,14,1,296,3,17,0.0728006,0.00428239
Dataset 3,15-100-2,15-100-2-3.txt,0.239258,13,13,0.128281,13,13,1,275,3,17,0.116354,0.00684437
Dataset 3,15-100-2,15-100-2-7.txt,0.179761,13,13,0.077123,13,13,1,320,3,17,0.0653191,0.0038423
Dataset 3,15-100-2,15-100-2-8.txt,0.19516,14,14,0.082703,14,14,2,313,3,17,0.0706787,0.00415757
Dataset 3,15-100-2,15-100-2-4.txt,0.197386,13,13,0.087863,13,13,1,268,3,17,0.0766408,0.00450828
Dataset 3,15-100-2,15-100-2-10.txt,0.201088,14,14,0.089351,14,14,1,312,3,17,0.0767798,0.00451646
Dataset 3,15-100-2,15-100-2-9.txt,0.29817,14,14,0.129429,14,14,1,337,3,17,0.10997,0.0064688
Dataset 3,15-100-2,15-100-2-5.txt,0.177306,14,14,0.071652,14,14,1,299,3,17,0.0595157,0.00350092
Dataset 3,15-100-2,15-100-2-2.txt,0.178879,14,14,0.082657,14,14,1,288,3,17,0.0706818,0.00415775
Dataset 3,10-100-4,10-100-4-6.txt,0.248035,10,10,0.185886,10,10,1,240,7,52,0.15613,0.00300249
Dataset 3,10-100-4,10-100-4-3.txt,0.276602,10,10,0.178163,10,10,1,249,6,42,0.15181,0.00361453
Dataset 3,10-100-4,10-100-4-7.txt,0.38893,11,11,0.034883,11,141,5,279,10,28,0.0661428,0.00236224
Dataset 3,10-100-4,10-100-4-4.txt,0.284031,11,11,0.145712,11,11,2,358,6,42,0.115135,0.00274131
Dataset 3,10-100-4,10-100-4-5.txt,0.293477,10,10,0.193639,10,10,1,306,7,52,0.15506,0.00298192
Dataset 3,10-100-4,10-100-4-8.txt,2.17437,11,11,2.05516,11,11,1,1818,40,382,1.56763,0.00410375
Dataset 3,10-100-2,10-100-2-1.txt,0.082735,9,9,0.034818,9,9,1,146,3,12,0.0278859,0.00232383
Dataset 3,10-100-2,10-100-2-10.txt,0.158967,10,10,0.105278,10,10,1,291,5,32,0.0874789,0.00273371
Dataset 3,10-100-2,10-100-2-2.txt,0.049775,10,10,0.008015,10,10,2,70,2,2,0.00543308,0.00271654
Dataset 3,10-100-2,10-100-2-3.txt,0.086737,9,9,0.035959,9,9,2,188,3,12,0.0278592,0.0023216
Dataset 3,10-100-2,10-100-2-4.txt,0.096748,9,9,0.05039,9,9,1,144,3,12,0.0427809,0.00356507
Dataset 3,10-100-2,10-100-2-5.txt,0.05031,10,10,0.004929,10,10,1,69,2,2,0.00233006,0.00116503
Dataset 3,10-100-2,10-100-2-6.txt,0.121953,9,9,0.071326,9,9,1,242,4,22,0.0591168,0.00268713
Dataset 3,10-100-2,10-100-2-7.txt,0.106733,9,9,0.056276,9,9,1,271,4,22,0.0433543,0.00197065
Dataset 3,10-100-4,10-100-4-9.txt,24.6172,11,11,0.177565,11,11,2,7319,2,2,0.0127621,0.00638103
Dataset 3,10-100-2,10-100-2-8.txt,0.083213,10,10,0.03733,10,10,1,154,3,12,0.0299668,0.00249724
Dataset 3,10-100-2,10-100-2-9.txt,0.088124,10,10,0.043127,10,10,1,176,3,12,0.0352905,0.00294087
Dataset 3,15-100-4,15-100-4-1.txt,0.350784,14,14,0.244881,14,14,1,399,6,62,0.204544,0.0032991
Dataset 3,15-100-4,15-100-4-3.txt,0.317769,15,15,0.211365,15,15,1,394,5,47,0.178525,0.0037984
Dataset 3,15-100-4,15-100-4-4.txt,0.41815,15,15,0.299816,15,15,1,465,6,62,0.258308,0.00416626
Dataset 3,15-100-4,15-100-4-5.txt,0.478968,15,15,0.291803,15,15,1,527,6,62,0.243768,0.00393174
Dataset 3,15-100-4,15-100-4-10.txt,0.401081,15,15,0.284703,15,15,2,415,6,62,0.245266,0.00395591
Dataset 3,15-100-4,15-100-4-6.txt,0.326692,15,15,0.219083,15,15,1,382,5,47,0.184679,0.00392935
Dataset 3,15-100-4,15-100-4-2.txt,0.332049,14,14,0.217288,14,14,1,342,5,47,0.186728,0.00397293
Dataset 3,15-100-4,15-100-4-7.txt,0.385128,14,14,0.276812,14,14,1,430,6,62,0.234844,0.00378781
Dataset 3,10-100-6,10-100-6-6.txt,1800.14,11,134,157.718,11,134,10,12273,421,4029,1511.97,0.375271
Dataset 3,10-100-4,10-100-4-1.txt,1800.01,11,135,0.109752,11,135,21891,375,43787,43832,141.65,0.00323166
Dataset 3,10-100-6,10-100-6-1.txt,1800.63,0,142,1800.41,0,142,1,13600,432,4301,1753.43,0.407681
Dataset 3,10-100-4,10-100-4-10.txt,0.31764,10,10,0.209176,10,10,1,325,7,52,0.175248,0.00337016
Dataset 3,10-100-4,10-100-4-2.txt,0.252355,10,10,0.183412,10,10,1,278,7,52,0.151415,0.00291182
Dataset 3,15-100-4,15-100-4-8.txt,0.41274,15,15,0.289746,15,15,1,480,6,62,0.245545,0.00396041
Dataset 3,10-100-6,10-100-6-3.txt,1800.02,13,20,0.057232,13,137,14951,429,29910,29982,144.063,0.00480499
Dataset 3,15-100-4,15-100-4-9.txt,0.516637,14,14,0.374483,14,14,1,560,7,77,0.320206,0.00415852
Dataset 3,10-100-8,10-100-8-1.txt,1802.83,13,14,113.901,13,14,45,8296,482,4009,1738.3,0.4336
Dataset 3,10-100-6,10-100-6-7.txt,1806.53,0,142,0,0,142,1,13875,0,0,0,#NAME?
Dataset 3,10-100-8,10-100-8-3.txt,1806.33,12,137,10.7964,12,137,2,7891,385,3813,1774.57,0.465401
Dataset 3,10-100-8,10-100-8-10.txt,1061.7,13,13,16.0889,13,19,12,6593,298,2782,1025.4,0.368583
Dataset 3,10-100-8,10-100-8-6.txt,1723.36,14,14,69.3131,14,19,14,6394,300,2766,1603.13,0.579585
Dataset 3,10-100-6,10-100-6-10.txt,1814.55,12,140,0.136078,12,140,2,12760,440,4363,1769.54,0.40558
Dataset 3,10-100-6,10-100-6-4.txt,1803.6,0,139,1803.05,0,139,1,11349,367,3660,1769.53,0.483478
Dataset 3,10-100-6,10-100-6-2.txt,0.301397,11,11,0.14533,11,11,2,199,5,32,0.119199,0.00372498
Dataset 3,15-100-6,15-100-6-1.txt,0.816076,16,16,0.471359,16,16,2,590,8,92,0.393428,0.00427639
Dataset 3,15-100-6,15-100-6-10.txt,0.896048,16,16,0.54066,16,16,1,675,8,92,0.453268,0.00492683
Dataset 3,10-100-6,10-100-6-8.txt,1800.02,12,19,0.137947,12,134,491,1852,1043,1592,14.7077,0.0092385
Dataset 3,15-100-6,15-100-6-2.txt,69.552,16,16,68.5622,16,16,1,12086,167,2477,52.4273,0.0211656
Dataset 3,10-100-8,10-100-8-4.txt,1803.54,12,17,28.6358,12,18,12,8891,393,3713,1662.12,0.44765
Dataset 3,10-100-8,10-100-8-2.txt,1807.92,0,144,0,0,144,1,10023,0,0,0,#NAME?
Dataset 3,15-100-6,15-100-6-6.txt,0.682917,15,15,0.537327,15,15,1,550,9,107,0.454911,0.0042515
Dataset 3,15-100-6,15-100-6-7.txt,0.941473,14,14,0.777175,14,14,1,714,11,137,0.661444,0.00482806
Dataset 3,10-100-8,10-100-8-7.txt,1804.7,0,142,1804.46,0,142,1,7157,338,3361,1778.59,0.529184
Dataset 3,10-100-6,10-100-6-5.txt,1800,12,18,0.331672,12,148,4776,3355,9667,10701,127.642,0.011928
Dataset 3,15-100-6,15-100-6-8.txt,9.43655,16,16,9.10121,16,16,1,3781,57,827,7.28026,0.00880322
Dataset 3,15-100-6,15-100-6-3.txt,1.91848,16,16,0.176056,16,217,7,978,21,147,0.735657,0.00500447
Dataset 3,15-100-6,15-100-6-4.txt,31.5678,16,16,29.9935,16,16,2,7725,102,1502,23.8463,0.0158763
Dataset 3,15-100-6,15-100-6-9.txt,0.874889,17,17,0.180438,17,206,4,536,8,36,0.176639,0.00490665
Dataset 3,10-100-6,10-100-6-9.txt,1800.02,12,143,0.035641,12,143,4551,1046,9105,9132,51.9955,0.00569377
Dataset 3,15-100-6,15-100-6-5.txt,61.5505,16,16,0.3258,16,212,6,10123,159,2245,47.4599,0.0211403
Dataset 3,10-100-8,10-100-8-5.txt,1801.93,11,138,24.4915,11,138,2,9179,420,4163,1761.69,0.423178
Dataset 3,10-100-8,10-100-8-8.txt,1803.82,11,30,44.8814,11,146,4,9111,382,3747,1660.96,0.443278
Dataset 3,15-100-8,15-100-8-1.txt,1800.03,16,213,4.24341,16,213,8014,1800,16049,16343,125.765,0.00769532
Dataset 3,15-100-8,15-100-8-6.txt,1800.02,16,206,0.631372,16,206,7567,1282,15155,15449,104.153,0.00674171
Dataset 3,15-100-8,15-100-8-3.txt,1800.34,16,218,0.703794,16,218,43,8611,253,2591,105.408,0.0406822
Dataset 3,15-100-8,15-100-8-4.txt,42.9066,16,16,0.404986,16,217,46,5171,190,1590,24.0442,0.0151221
Dataset 3,10-100-8,10-100-8-9.txt,1803.83,13,151,620.179,13,151,2,6766,321,3173,1780.11,0.561018
Dataset 3,15-100-8,15-100-8-10.txt,1812.44,0,216,0,0,216,1,22972,0,0,0,#NAME?
Dataset 3,15-100-8,15-100-8-7.txt,1804.23,0,210,0,0,210,1,24598,0,0,0,#NAME?
Dataset 3,15-100-8,15-100-8-5.txt,1800.01,16,210,0.450148,16,210,8813,674,17635,17761,135.012,0.00760163
Dataset 3,15-100-8,15-100-8-2.txt,1801.4,17,216,0.250417,17,216,6,18197,354,5141,1739.9,0.338437
Dataset 3,15-100-8,15-100-8-8.txt,1808.12,0,209,0,0,209,1,21190,0,0,0,#NAME?
Dataset 3,15-100-8,15-100-8-9.txt,1806.79,0,220,0,0,220,1,20061,0,0,0,#NAME?
Dataset 4,50-400-5,50-400-5-7.txt,4.29486,51,51,2.46104,51,51,2,497,5,152,2.11101,0.0138882
Dataset 4,75-400-5,75-400-5-9.txt,2.10951,75,75,0.108019,75,75,2,284,2,2,0.030741,0.0153705
Dataset 4,75-400-5,75-400-5-1.txt,2.39473,75,75,1.34117,75,75,1,298,3,77,1.17327,0.0152372
Dataset 4,75-500-5,75-500-5-8.txt,2.02005,76,76,0.107032,76,76,1,283,2,2,0.0293171,0.0146586
Dataset 4,75-400-7,75-400-7-6.txt,278.125,76,76,180.343,76,77,40,1393,282,15378,214.913,0.0139754
Dataset 4,75-500-5,75-500-5-1.txt,33.5136,76,76,30.8312,76,76,1,2308,13,827,27.5047,0.0332584
Dataset 4,50-400-5,50-400-5-8.txt,1.33972,51,51,0.072746,51,51,1,177,2,2,0.0186882,0.0093441
Dataset 4,75-500-5,75-500-5-9.txt,3.61536,75,75,2.55735,75,75,1,483,4,152,2.2075,0.014523
Dataset 4,50-400-5,50-400-5-1.txt,3.7527,50,50,1.74131,50,50,1,390,4,102,1.49948,0.0147008
Dataset 4,50-400-5,50-400-5-9.txt,1.19276,51,51,0.06826,51,51,1,163,2,2,0.0177979,0.00889897
Dataset 4,75-400-7,75-400-7-7.txt,6.15418,75,75,3.68404,75,75,1,568,4,152,3.21032,0.0211205
Dataset 4,75-400-5,75-400-5-10.txt,1800.17,75,76,8.156,75,76,423,1657,854,1446,43.8031,0.0302926
Dataset 4,50-400-5,50-400-5-10.txt,1.89772,51,51,0.089219,51,51,1,234,2,2,0.0214779,0.010739
Dataset 4,75-500-5,75-500-5-10.txt,3.91508,75,75,1.41042,75,75,1,475,3,77,1.16743,0.0151615
Dataset 4,75-400-7,75-400-7-8.txt,10.2698,76,76,4.72823,76,76,2,744,4,152,4.13624,0.0272121
Dataset 4,50-400-5,50-400-5-2.txt,124.094,52,52,80.8329,52,52,2,3029,20,902,74.2168,0.0822802
Dataset 4,75-400-5,75-400-5-2.txt,2.38456,75,75,1.38975,75,75,1,280,3,77,1.2293,0.015965
Dataset 4,75-400-7,75-400-7-1.txt,1800.16,77,78,9.30701,77,78,1266,1085,2538,2982,84.7359,0.0284158
Dataset 4,75-500-5,75-500-5-2.txt,3.70829,75,75,2.73918,75,75,1,476,4,152,2.39475,0.0157549
Dataset 4,50-400-5,50-400-5-3.txt,113.183,51,51,3.84248,51,52,7,3163,44,1612,97.4748,0.0604682
Dataset 4,50-400-5,50-400-5-4.txt,7.42329,51,51,6.94555,51,51,1,110,18,802,6.2256,0.00776259
Dataset 4,75-400-7,75-400-7-9.txt,1800.2,78,329,0.342953,78,329,459,1399,922,1218,43.2217,0.0354858
Dataset 4,75-400-5,75-400-5-3.txt,2.6822,74,74,1.36944,74,74,1,299,3,77,1.19512,0.015521
Dataset 4,75-400-7,75-400-7-10.txt,4.221,76,76,1.60019,76,76,2,395,3,77,1.33537,0.0173425
Dataset 4,75-500-5,75-500-5-3.txt,4.04654,76,76,1.51268,76,76,2,414,3,77,1.27899,0.0166103
Dataset 4,50-400-5,50-400-5-5.txt,1.14609,50,50,0.596276,50,50,1,169,3,52,0.498576,0.009588
Dataset 4,50-400-5,50-400-5-6.txt,5.85806,50,50,3.52481,50,50,2,490,5,152,3.16274,0.0208075
Dataset 4,75-400-7,75-400-7-2.txt,2.37108,75,75,1.35917,75,75,1,263,3,77,1.1627,0.0151
Dataset 4,75-500-5,75-500-5-4.txt,2.25276,75,75,1.20996,75,75,2,326,3,77,1.02209,0.0132739
Dataset 4,100-400-3,100-400-3-1.txt,1.97747,99,99,0.069826,99,99,1,289,2,2,0.0220571,0.0110285
Dataset 4,75-400-5,75-400-5-4.txt,2.00909,76,76,0.107484,76,76,1,268,2,2,0.030854,0.015427
Dataset 4,75-500-5,75-500-5-5.txt,3.9691,76,76,2.87536,76,76,2,490,4,152,2.52219,0.0165933
Dataset 4,100-400-3,100-400-3-5.txt,4.01673,99,99,2.23088,99,99,1,529,3,102,2.00748,0.0196812
Dataset 4,75-400-7,75-400-7-3.txt,2.55878,75,75,1.33761,75,75,1,256,3,77,1.14082,0.0148158
Dataset 4,75-500-5,75-500-5-6.txt,46.4338,76,76,39.2473,76,76,1,2803,14,902,34.6674,0.0384339
Dataset 4,75-400-5,75-400-5-5.txt,2.56532,74,74,1.26925,74,74,1,283,3,77,1.1125,0.014448
Dataset 4,100-400-3,100-400-3-10.txt,644.809,98,98,5.57654,98,99,33,1989,69,564,20.9285,0.0371073
Dataset 4,75-500-5,75-500-5-7.txt,3.78087,75,75,1.53418,75,75,1,460,3,77,1.28499,0.0166882
Dataset 4,100-400-3,100-400-3-6.txt,1800.04,98,100,6.73599,98,100,2,1169,5,202,6.22499,0.0308168
Dataset 4,75-400-5,75-400-5-6.txt,2.51045,75,75,1.25907,75,75,1,315,3,77,1.09181,0.0141794
Dataset 4,75-400-7,75-400-7-4.txt,1800.09,77,78,5.65468,77,78,2216,658,4435,4657,103.139,0.0221471
Dataset 4,100-400-3,100-400-3-2.txt,4.07685,99,99,2.2461,99,99,1,600,3,102,2.01595,0.0197642
Dataset 4,100-500-7,100-500-7-4.txt,15.8743,100,100,11.417,100,100,1,1190,5,302,10.1688,0.0336714
Dataset 4,75-400-5,75-400-5-7.txt,4.06842,76,76,1.52981,76,76,2,411,3,77,1.31256,0.0170462
Dataset 4,75-400-7,75-400-7-5.txt,2.33442,76,76,0.12904,76,76,1,261,2,2,0.0311308,0.0155654
Dataset 4,100-400-3,100-400-3-3.txt,4.00584,98,98,2.24718,98,98,1,562,3,102,2.02592,0.0198619
Dataset 4,100-400-3,100-400-3-7.txt,1800.36,99,100,4.80916,99,100,4066,841,8134,8431,119.086,0.0141248
Dataset 4,100-500-7,100-500-7-5.txt,42.9164,99,99,26.1619,99,99,2,1719,8,602,23.5989,0.0392008
Dataset 4,75-400-5,75-400-5-8.txt,2.4035,75,75,1.28523,75,75,1,297,3,77,1.11896,0.014532
Dataset 4,100-500-5,100-500-5-3.txt,7.8068,100,100,5.66296,100,100,1,758,4,202,5.04191,0.02496
Dataset 4,100-400-3,100-400-3-4.txt,4.22957,99,99,2.32551,99,99,1,563,3,102,2.09663,0.0205552
Dataset 4,100-400-3,100-400-3-8.txt,2.11395,99,99,0.066031,99,99,1,255,2,2,0.0218899,0.010945
Dataset 4,100-500-7,100-500-7-6.txt,8.20907,99,99,3.58606,99,99,1,638,3,102,3.10674,0.0304582
Dataset 4,50-500-5,50-500-5-10.txt,2.24797,51,51,0.629256,51,51,1,252,3,52,0.499353,0.00960294
Dataset 4,50-500-7,50-500-7-2.txt,1808.18,0,52,1807.18,0,52,1,12546,133,6600,1570.73,0.237989
Dataset 4,100-500-5,100-500-5-4.txt,7.72841,99,99,3.32882,99,99,1,766,3,102,2.89648,0.0283968
Dataset 4,50-500-5,50-500-5-2.txt,1.98055,51,51,0.831897,51,51,1,308,3,52,0.680979,0.0130958
Dataset 4,50-500-7,50-500-7-3.txt,1.23751,53,53,0.081967,53,53,1,137,2,2,0.0195501,0.00977504
Dataset 4,100-400-3,100-400-3-9.txt,17.3158,98,98,4.78396,98,99,6,1140,13,310,7.60489,0.0245319
Dataset 4,100-500-7,100-500-7-7.txt,7.35482,101,101,3.04912,101,101,2,613,3,102,2.58118,0.0253057
Dataset 4,50-500-5,50-500-5-3.txt,32.354,52,52,0.507617,52,52,2,1885,2,2,0.0537539,0.0268769
Dataset 4,50-500-7,50-500-7-4.txt,3.9483,52,52,2.60556,52,52,2,428,5,152,2.18512,0.0143758
Dataset 4,100-500-5,100-500-5-5.txt,7.96973,99,99,5.62604,99,99,2,831,4,202,5.00253,0.024765
Dataset 4,50-500-5,50-500-5-4.txt,2.00402,51,51,0.785555,51,51,1,280,3,52,0.642306,0.012352
Dataset 4,100-500-7,100-500-7-1.txt,7.26381,101,101,5.35555,101,101,1,638,4,202,4.66512,0.0230946
Dataset 4,100-500-7,100-500-7-8.txt,8.31442,99,99,3.40608,99,99,1,635,3,102,2.95552,0.0289757
Dataset 4,50-500-7,50-500-7-5.txt,1800.3,0,269,210.678,0,269,1,3978,44,2102,189.688,0.0902416
Dataset 4,100-500-5,100-500-5-6.txt,7.50959,99,99,3.31173,99,99,1,812,3,102,2.87972,0.0282326
Dataset 4,50-500-5,50-500-5-5.txt,2.6789,50,50,1.42694,50,50,1,380,4,102,1.18926,0.0116594
Dataset 4,100-500-7,100-500-7-10.txt,7.62805,100,100,3.17455,100,100,1,639,3,102,2.69461,0.0264177
Dataset 4,100-500-7,100-500-7-9.txt,7.76521,100,100,5.8096,100,100,1,692,4,202,5.105,0.0252723
Dataset 4,50-500-7,50-500-7-6.txt,1800.13,52,53,3.79281,52,53,1300,992,2610,3148,71.1643,0.0226062
Dataset 4,100-500-5,100-500-5-7.txt,7.73129,100,100,3.08557,100,100,1,756,3,102,2.68136,0.0262879
Dataset 4,50-500-5,50-500-5-6.txt,1800.15,52,54,1.68623,52,54,39,1438,90,678,16.2572,0.0239782
Dataset 4,50-500-5,50-500-5-7.txt,1.92738,51,51,1.39483,51,51,2,248,4,102,1.20926,0.0118555
Dataset 4,100-500-7,100-500-7-2.txt,8.64227,100,100,3.57975,100,100,1,683,3,102,3.10342,0.0304257
Dataset 4,100-500-5,100-500-5-1.txt,14.8134,100,100,9.89411,100,100,1,1312,5,302,8.79881,0.0291351
Dataset 4,50-500-7,50-500-7-7.txt,1800.98,0,273,263.889,0,273,1,5270,40,1902,230.206,0.121033
Dataset 4,100-500-5,100-500-5-8.txt,8.03822,99,99,5.85037,99,99,1,765,4,202,5.24926,0.0259864
Dataset 4,50-500-5,50-500-5-8.txt,17.6259,50,50,6.20926,50,51,10,1125,28,518,9.69403,0.0187143
Dataset 4,100-500-7,100-500-7-3.txt,7.18795,100,100,5.2413,100,100,1,627,4,202,4.5407,0.0224787
Dataset 4,100-500-5,100-500-5-10.txt,7.66051,99,99,5.52442,99,99,1,748,4,202,4.9082,0.024298
Dataset 4,50-500-7,50-500-7-8.txt,1800.08,51,276,2.85103,51,276,2157,522,4316,4414,71.0795,0.0161032
Dataset 4,100-500-5,100-500-5-9.txt,7.93218,99,99,5.71889,99,99,1,774,4,202,5.13477,0.0254196
Dataset 4,50-500-5,50-500-5-9.txt,1800.1,52,54,3.54129,52,54,392,1003,791,1134,20.2197,0.0178304
Dataset 4,100-400-5,100-400-5-1.txt,4.40385,100,100,0.171282,100,100,1,430,2,2,0.0590401,0.02952
Dataset 4,100-500-5,100-500-5-2.txt,7.29944,99,99,5.16228,99,99,1,743,4,202,4.56363,0.0225922
Dataset 4,50-500-7,50-500-7-9.txt,1800.03,52,53,4.78622,52,53,1411,828,2828,3170,65.3381,0.0206114
Dataset 4,50-500-7,50-500-7-1.txt,1800.27,52,53,6.63344,52,53,989,1077,1987,2477,54.9584,0.0221875
Dataset 4,50-500-3,50-500-3-8.txt,1.02747,51,51,0.05453,51,51,1,219,2,2,0.01437,0.00718498
Dataset 4,100-400-5,100-400-5-9.txt,7.60074,100,100,5.45844,100,100,1,708,4,202,4.93821,0.0244466
Dataset 4,50-500-7,50-500-7-10.txt,4.47145,52,52,2.0392,52,52,2,412,4,102,1.66878,0.0163606
Dataset 4,100-400-5,100-400-5-10.txt,6.91845,99,99,2.63464,99,99,2,674,3,102,2.28147,0.0223673
Dataset 4,50-500-3,50-500-3-1.txt,1.73802,50,50,1.1703,50,50,1,341,4,102,1.01983,0.0099983
Dataset 4,50-500-5,50-500-5-1.txt,1800.18,51,269,2.62952,51,269,82,1720,179,914,25.8169,0.0282461
Dataset 4,50-400-3,50-400-3-6.txt,0.99303,51,51,0.53876,51,51,1,214,3,52,0.461788,0.00888054
Dataset 4,50-500-3,50-500-3-9.txt,1.54068,50,50,1.08169,50,50,1,319,4,102,0.93275,0.00914461
Dataset 4,50-500-3,50-500-3-10.txt,0.915301,50,50,0.055613,50,50,1,234,2,2,0.0134039,0.00670195
Dataset 4,75-500-3,75-500-3-7.txt,3.76981,74,74,2.7279,74,74,1,657,4,152,2.41627,0.0158965
Dataset 4,100-400-5,100-400-5-2.txt,7.51252,100,100,5.5705,100,100,1,702,4,202,5.0564,0.0250317
Dataset 4,75-500-3,75-500-3-1.txt,3.28635,75,75,1.36011,75,75,1,606,3,77,1.15397,0.0149867
Dataset 4,50-500-3,50-500-3-2.txt,2.30898,50,50,1.76917,50,50,2,447,5,152,1.53462,0.0100962
Dataset 4,50-400-3,50-400-3-7.txt,14.8153,50,50,1.5142,50,51,6,1380,20,510,10.4578,0.0205054
Dataset 4,75-500-3,75-500-3-8.txt,2.24789,75,75,1.30639,75,75,1,446,3,77,1.1432,0.0148468
Dataset 4,50-500-3,50-500-3-3.txt,0.828131,50,50,0.417767,50,50,1,219,3,52,0.336826,0.00647742
Dataset 4,100-400-5,100-400-5-3.txt,6.763,99,99,2.69287,99,99,2,632,3,102,2.3441,0.0229813
Dataset 4,50-400-3,50-400-3-8.txt,1.11384,49,49,0.509208,49,49,1,213,3,52,0.43344,0.00833538
Dataset 4,75-500-3,75-500-3-9.txt,2.16254,74,74,1.23585,74,74,1,452,3,77,1.07266,0.0139306
Dataset 4,50-400-3,50-400-3-1.txt,1.07159,50,50,0.559165,50,50,1,194,3,52,0.482197,0.00927302
Dataset 4,75-500-3,75-500-3-10.txt,1800.08,74,75,4.2943,74,75,1255,1356,2515,2885,46.7521,0.0162052
Dataset 4,50-400-3,50-400-3-10.txt,1.61233,50,50,0.566818,50,50,1,300,3,52,0.473372,0.00910331
Dataset 4,50-500-3,50-500-3-4.txt,1.39075,50,50,0.937569,50,50,1,332,4,102,0.790869,0.00775361
Dataset 4,100-400-5,100-400-5-4.txt,34.2853,99,99,2.93257,99,100,23,1183,47,344,10.8854,0.0316436
Dataset 4,50-400-3,50-400-3-9.txt,9.33327,50,50,4.00741,50,50,2,740,7,252,3.58517,0.0142269
Dataset 4,50-400-3,50-400-3-2.txt,1.56797,50,50,1.07262,50,50,1,324,4,102,0.930292,0.00912051
Dataset 4,50-400-3,50-400-3-3.txt,2.08957,50,50,0.686138,50,50,1,305,3,52,0.586882,0.0112862
Dataset 4,75-500-3,75-500-3-2.txt,2.18759,74,74,1.11755,74,74,1,385,3,77,0.965932,0.0125446
Dataset 4,50-400-3,50-400-3-4.txt,2.46341,50,50,0.69848,50,50,1,360,3,52,0.5808,0.0111692
Dataset 4,50-500-3,50-500-3-5.txt,1.58848,49,49,0.628358,49,49,1,296,3,52,0.529388,0.0101805
Dataset 4,50-400-3,50-400-3-5.txt,0.479069,50,50,0.039835,50,50,1,93,2,2,0.0185943,0.00929713
Dataset 4,100-500-3,100-500-3-1.txt,1.95143,98,98,0.075019,98,98,1,303,2,2,0.025203,0.0126015
Dataset 4,75-500-3,75-500-3-3.txt,2.22049,75,75,1.2125,75,75,1,416,3,77,1.05091,0.0136482
Dataset 4,50-500-3,50-500-3-6.txt,1.67997,50,50,1.03836,50,50,1,320,4,102,0.886389,0.00869009
Dataset 4,100-400-5,100-400-5-5.txt,1800.12,99,100,8.7246,99,100,783,1181,1570,1966,63.2218,0.0321576
Dataset 4,100-500-3,100-500-3-5.txt,7.5982,99,99,5.60212,99,99,1,991,4,202,5.06589,0.0250787
Dataset 4,50-500-3,50-500-3-7.txt,0.963773,50,50,0.556271,50,50,1,228,3,52,0.473129,0.00909864
Dataset 4,75-500-3,75-500-3-4.txt,2.04656,75,75,0.090639,75,75,2,428,2,2,0.0209081,0.0104541
Dataset 4,100-500-3,100-500-3-10.txt,7.52462,98,98,5.34776,98,98,2,1025,4,202,4.82276,0.0238751
Dataset 4,100-400-5,100-400-5-6.txt,4.81216,100,100,0.156899,100,100,1,379,2,2,0.0563591,0.0281795
Dataset 4,75-500-3,75-500-3-5.txt,3.47805,74,74,2.44646,74,74,2,643,4,152,2.12865,0.0140043
Dataset 4,100-500-3,100-500-3-6.txt,7.47745,99,99,5.3444,99,99,1,1051,4,202,4.80154,0.02377
Dataset 4,75-500-7,75-500-7-4.txt,4.44754,75,75,1.88808,75,75,1,438,3,77,1.58819,0.0206259
Dataset 4,100-500-3,100-500-3-2.txt,4.34388,98,98,2.30076,98,98,1,651,3,102,2.02576,0.0198604
Dataset 4,75-500-3,75-500-3-6.txt,2.36782,75,75,0.092302,75,75,1,438,2,2,0.0205579,0.0102789
Dataset 4,100-500-3,100-500-3-7.txt,7.63528,99,99,5.41854,99,99,1,1080,4,202,4.86665,0.0240923
Dataset 4,100-400-5,100-400-5-7.txt,1800.15,100,101,6.14472,100,101,335,1412,674,1070,37.7278,0.0352596
Dataset 4,75-500-7,75-500-7-5.txt,1800.2,76,77,8.71068,76,77,724,1377,1455,1973,61.0361,0.0309357
Dataset 4,100-500-3,100-500-3-3.txt,7.17025,99,99,5.16455,99,99,1,994,4,202,4.62496,0.0228958
Dataset 4,75-400-3,75-400-3-3.txt,2.1051,75,75,1.14838,75,75,1,349,3,77,1.01036,0.0131216
Dataset 4,75-500-7,75-500-7-6.txt,8.68211,75,75,7.34568,75,75,1,784,6,302,6.44963,0.0213564
Dataset 4,100-400-5,100-400-5-8.txt,7.95867,99,99,3.43119,99,99,2,701,3,102,3.06998,0.0300978
Dataset 4,100-500-3,100-500-3-8.txt,1800.09,98,99,5.13181,98,99,859,1413,1721,2018,40.2171,0.0199292
Dataset 4,100-500-3,100-500-3-4.txt,6.65105,99,99,2.6392,99,99,1,978,3,102,2.29347,0.022485
Dataset 4,75-400-3,75-400-3-4.txt,1800.07,74,75,7.85741,74,75,2710,1154,5425,5795,82.3754,0.0142149
Dataset 4,50-400-7,50-400-7-2.txt,721.187,53,53,664.533,53,53,2,4429,44,2102,638.556,0.303785
Dataset 4,100-500-3,100-500-3-9.txt,7.89532,98,98,5.70596,98,98,2,1074,4,202,5.14661,0.0254783
Dataset 4,75-500-7,75-500-7-7.txt,1800.03,77,78,13.2979,77,78,897,1463,1803,2469,79.7418,0.0322972
Dataset 4,100-400-7,100-400-7-10.txt,4.73993,101,101,0.185252,101,101,2,373,2,2,0.0508358,0.0254179
Dataset 4,75-500-7,75-500-7-1.txt,6.81464,76,76,4.34089,76,76,2,628,4,152,3.82842,0.025187
Dataset 4,50-400-7,50-400-7-3.txt,1800.08,51,52,48.753,51,52,1338,1068,2812,9476,112.192,0.0118396
Dataset 4,75-500-7,75-500-7-8.txt,4.44541,75,75,3.20258,75,75,1,441,4,152,2.78491,0.0183218
Dataset 4,75-400-3,75-400-3-5.txt,1800.08,74,75,5.44113,74,75,1668,1186,3341,3711,54.5778,0.014707
Dataset 4,100-400-7,100-400-7-2.txt,1800.17,0,429,22.1941,0,429,1,1437,7,502,20.4071,0.0406516
Dataset 4,75-500-7,75-500-7-9.txt,2.52656,77,77,0.138044,77,77,2,273,2,2,0.0324976,0.0162488
Dataset 4,50-400-7,50-400-7-4.txt,3.48388,52,52,1.10138,52,52,2,313,3,52,0.898217,0.0172734
Dataset 4,75-400-3,75-400-3-6.txt,2.00602,74,74,1.0915,74,74,1,350,3,77,0.961598,0.0124883
Dataset 4,75-500-7,75-500-7-10.txt,1809.72,77,78,5.1675,77,78,152,9993,368,5103,1028.37,0.201522
Dataset 4,50-400-7,50-400-7-5.txt,393.41,51,51,352.899,51,51,2,3816,42,2002,334.511,0.167088
Dataset 4,100-400-7,100-400-7-3.txt,18.5736,100,100,10.3599,100,100,2,1010,5,302,9.30421,0.0308086
Dataset 4,75-500-7,75-500-7-2.txt,2.43465,77,77,0.133777,77,77,1,260,2,2,0.0325439,0.0162719
Dataset 4,75-400-3,75-400-3-1.txt,2.01704,74,74,1.10574,74,74,1,372,3,77,0.967916,0.0125703
Dataset 4,75-500-7,75-500-7-3.txt,9.41967,76,76,6.27621,76,76,2,731,5,227,5.50794,0.024264
Dataset 4,50-400-7,50-400-7-6.txt,6.70215,52,52,0.1999,52,52,2,485,2,2,0.027725,0.0138625
Dataset 4,75-400-3,75-400-3-7.txt,1800.06,74,323,3.3576,74,323,32,931,66,214,3.71078,0.0173401
Dataset 4,100-400-7,100-400-7-4.txt,7.68968,99,99,0.177974,99,100,3,575,5,104,2.63319,0.0253191
Dataset 4,75-400-3,75-400-3-10.txt,1800.05,75,77,4.24013,75,77,1295,807,2593,2815,33.2618,0.0118159
Dataset 4,75-400-3,75-400-3-8.txt,1.07603,75,75,0.047548,75,75,1,173,2,2,0.0153999,0.00769997
Dataset 4,50-400-7,50-400-7-7.txt,1800.08,52,53,4.11189,52,53,1617,558,3237,3432,48.8721,0.0142401
Dataset 4,100-400-7,100-400-7-5.txt,5.00423,100,100,2.72002,100,100,1,443,3,102,2.38628,0.0233949
Dataset 4,75-400-3,75-400-3-2.txt,3.45089,74,74,2.44103,74,74,1,572,4,152,2.1904,0.0144106
Dataset 4,50-400-7,50-400-7-8.txt,167.23,52,52,65.7408,52,53,54,483,405,15056,115.071,0.00764289
Dataset 4,75-400-3,75-400-3-9.txt,2.08531,75,75,0.082608,75,75,2,408,2,2,0.0170438,0.00852191
Dataset 4,50-400-7,50-400-7-1.txt,2.00415,51,51,0.876521,51,51,1,237,3,52,0.719685,0.0138401
Dataset 4,50-400-7,50-400-7-9.txt,6.16396,52,52,2.92072,52,52,2,477,4,102,2.55257,0.0250252
Dataset 4,100-400-7,100-400-7-6.txt,1800.15,101,102,15.8844,101,102,998,1579,2001,2496,100.298,0.0401834
Dataset 4,100-400-7,100-400-7-1.txt,4.4331,100,100,2.4407,100,100,2,393,3,102,2.14106,0.0209908
Dataset 4,50-400-7,50-400-7-10.txt,1800.07,52,54,3.37697,52,54,2599,453,5201,5348,73.154,0.0136788
Dataset 4,100-400-7,100-400-7-7.txt,7.03294,100,100,2.84498,100,100,1,537,3,102,2.50445,0.0245534
Dataset 4,100-400-7,100-400-7-8.txt,6.27257,100,100,2.79291,100,100,2,585,3,102,2.43344,0.0238572
Dataset 4,100-400-7,100-400-7-9.txt,4.31746,101,101,2.59716,101,101,2,391,3,102,2.314,0.0226862
