Dataset 1,80-8,80-8-1.txt,2076,4453,0.125042,86,86,4453,2299,11992,1
Dataset 1,80-8,80-8-10.txt,2142,4655,0.172791,87,87,4655,2366,12538,1
Dataset 1,80-8,80-8-2.txt,2114,4569,0.175055,84,84,4569,2335,12326,1
Dataset 1,80-8,80-8-3.txt,2163,4684,0.151287,86,86,4684,2385,12640,1
Dataset 1,80-8,80-8-4.txt,2221,4884,0.114056,89,89,4884,2446,13249,1
Dataset 1,80-8,80-8-5.txt,2172,4743,0.110705,87,87,4743,2400,12824,1
Dataset 1,80-8,80-8-6.txt,2090,4488,0.115179,82,82,4488,2307,12061,1
Dataset 1,80-8,80-8-7.txt,2104,4542,0.125131,85,85,4542,2323,12239,1
Dataset 1,80-8,80-8-8.txt,2199,4799,0.10878,87,87,4799,2425,13019,0
Dataset 1,80-8,80-8-9.txt,2107,4511,0.092181,87,87,4511,2326,12139,0
Dataset 1,70-8,70-8-1.txt,1812,3869,0.102608,72,72,3869,2000,10377,1
Dataset 1,70-8,70-8-10.txt,1863,4011,0.107155,77,77,4011,2055,10805,1
Dataset 1,70-8,70-8-2.txt,1817,3872,0.0997419,74,74,3872,2006,10412,1
Dataset 1,70-8,70-8-3.txt,1798,3838,0.0926502,76,76,3838,1991,10344,1
Dataset 1,70-8,70-8-4.txt,1857,4029,0.086431,73,73,4029,2048,10882,1
Dataset 1,70-8,70-8-5.txt,1916,4171,0.139444,78,78,4171,2116,11262,1
Dataset 1,70-8,70-8-6.txt,1886,4101,0.173968,71,71,4101,2080,11078,1
Dataset 1,70-8,70-8-7.txt,1803,3853,0.120152,76,76,3853,1988,10344,1
Dataset 1,70-8,70-8-8.txt,1825,3900,0.104327,73,73,3900,2013,10508,1
Dataset 1,70-8,70-8-9.txt,1868,4043,0.0850141,75,75,4043,2063,10901,0
Dataset 1,90-8,90-8-1.txt,2402,5183,0.17368,92,92,5183,2649,13977,1
Dataset 1,90-8,90-8-10.txt,2453,5327,0.329519,92,92,5327,2694,14395,1
Dataset 1,90-8,90-8-2.txt,2340,5009,0.14821,100,100,5009,2586,13463,1
Dataset 1,90-8,90-8-3.txt,2367,5078,0.165277,98,98,5078,2615,13648,1
Dataset 1,90-8,90-8-4.txt,2355,5031,0.264501,102,102,5031,2602,13533,1
Dataset 1,90-8,90-8-5.txt,2457,5351,0.227969,97,97,5351,2706,14446,1
Dataset 1,90-8,90-8-6.txt,2319,4953,0.129295,98,98,4953,2566,13325,1
Dataset 1,90-8,90-8-7.txt,2353,5021,0.108456,92,92,5021,2589,13509,1
Dataset 1,90-8,90-8-8.txt,2336,5007,0.260076,94,94,5007,2579,13497,1
Dataset 1,90-8,90-8-9.txt,2481,5421,0.194096,98,98,5421,2733,14685,1
Dataset 1,100-10,100-10-1.txt,4506,10678,0.867395,114,114,10678,4856,29429,1
Dataset 1,100-10,100-10-10.txt,4481,10605,0.825043,110,110,10605,4829,29336,1
Dataset 1,100-10,100-10-2.txt,4356,10219,0.339306,111,111,10219,4693,28164,1
Dataset 1,100-10,100-10-3.txt,4320,10108,0.34681,110,110,10108,4652,27801,1
Dataset 1,100-10,100-10-4.txt,4436,10469,0.536997,110,110,10469,4776,28854,1
Dataset 1,100-10,100-10-5.txt,4351,10222,0.453772,111,111,10222,4687,28170,1
Dataset 1,100-10,100-10-6.txt,4507,10690,0.407077,115,115,10690,4853,29566,1
Dataset 1,100-10,100-10-7.txt,4308,10078,0.651635,111,111,10078,4646,27766,1
Dataset 1,100-10,100-10-8.txt,4444,10498,0.680822,114,114,10498,4792,28957,1
Dataset 1,100-10,100-10-9.txt,4279,9992,0.37225,114,114,9992,4612,27485,1
Dataset 1,100-12,100-12-1.txt,6647,16528,1.70373,118,118,16528,7064,46144,1
Dataset 1,100-12,100-12-10.txt,6441,15889,1.38634,116,116,15889,6843,44255,1
Dataset 1,100-12,100-12-2.txt,6569,16286,1.49923,122,122,16286,6980,45382,1
Dataset 1,100-12,100-12-3.txt,6375,15683,1.29068,119,119,15683,6774,43626,1
Dataset 1,100-12,100-12-4.txt,6599,16362,1.0495,120,120,16362,7008,45620,1
Dataset 1,100-12,100-12-5.txt,6416,15807,1.85928,112,112,15807,6809,44076,1
Dataset 1,100-12,100-12-6.txt,6753,16845,1.15383,122,122,16845,7172,47043,1
Dataset 1,100-12,100-12-7.txt,6559,16284,1.34677,116,116,16284,6971,45384,1
Dataset 1,100-12,100-12-8.txt,6625,16454,1.10986,118,118,16454,7042,45914,1
Dataset 1,100-12,100-12-9.txt,6800,17003,1.54514,122,122,17003,7222,47443,1
Dataset 1,90-10,90-10-1.txt,4069,9648,0.627289,99,99,9648,4389,26630,1
Dataset 1,90-10,90-10-10.txt,3980,9378,0.758562,104,104,9378,4293,25861,1
Dataset 1,90-10,90-10-2.txt,3713,8559,0.329404,101,101,8559,4003,23499,1
Dataset 1,90-10,90-10-3.txt,3915,9188,0.452575,101,101,9188,4225,25276,1
Dataset 1,90-10,90-10-4.txt,3841,8937,0.430366,97,97,8937,4136,24616,1
Dataset 1,90-10,90-10-5.txt,3969,9356,0.506138,99,99,9356,4275,25816,1
Dataset 1,90-10,90-10-6.txt,3810,8843,0.451118,102,102,8843,4105,24320,1
Dataset 1,90-10,90-10-7.txt,3856,8987,0.636332,99,99,8987,4155,24754,1
Dataset 1,90-10,90-10-8.txt,3833,8949,0.900135,98,98,8949,4135,24637,1
Dataset 1,90-10,90-10-9.txt,3895,9129,0.480649,102,102,9129,4200,25134,1
Dataset 1,100-8,100-8-1.txt,2589,5542,0.311283,107,107,5542,2858,14943,1
Dataset 1,100-8,100-8-10.txt,2653,5736,0.168722,104,104,5736,2922,15502,1
Dataset 1,100-8,100-8-2.txt,2610,5569,0.203744,110,110,5569,2883,14952,1
Dataset 1,100-8,100-8-3.txt,2652,5713,0.22679,109,109,5713,2922,15400,1
Dataset 1,100-8,100-8-4.txt,2643,5678,0.119445,106,106,5678,2921,15273,0
Dataset 1,100-8,100-8-5.txt,2619,5640,0.162223,111,111,5640,2897,15207,1
Dataset 1,100-8,100-8-6.txt,2539,5394,0.0944231,105,105,5394,2805,14498,0
Dataset 1,100-8,100-8-7.txt,2771,6110,0.129945,109,109,6110,3055,16563,1
Dataset 1,100-8,100-8-8.txt,2592,5539,0.21675,107,107,5539,2864,14875,1
Dataset 1,100-8,100-8-9.txt,2692,5821,0.296826,112,112,5821,2975,15710,1
Dataset 1,90-12,90-12-1.txt,6033,15027,0.922793,109,109,15027,6409,41926,1
Dataset 1,90-12,90-12-10.txt,5883,14564,1.25145,107,107,14564,6251,40612,1
Dataset 1,90-12,90-12-2.txt,6005,14933,1.70378,106,106,14933,6376,41614,1
Dataset 1,90-12,90-12-3.txt,6162,15422,1.34981,110,110,15422,6545,43044,1
Dataset 1,90-12,90-12-4.txt,5954,14773,0.934772,103,103,14773,6319,41173,1
Dataset 1,90-12,90-12-5.txt,5987,14880,1.54652,106,106,14880,6361,41483,1
Dataset 1,90-12,90-12-6.txt,6027,15036,0.836236,108,108,15036,6403,41846,1
Dataset 1,90-12,90-12-7.txt,5878,14543,1.01504,109,109,14543,6247,40481,1
Dataset 1,90-12,90-12-8.txt,5996,14909,1.37902,108,108,14909,6370,41520,1
Dataset 1,90-12,90-12-9.txt,5946,14755,1.20615,106,106,14755,6318,41106,1
Dataset 1,80-10,80-10-1.txt,3347,7751,0.344755,88,88,7751,3612,21289,1
Dataset 1,80-10,80-10-10.txt,3603,8530,0.417672,90,90,8530,3881,23551,1
Dataset 1,80-10,80-10-2.txt,3643,8665,0.391466,89,89,8665,3930,23970,1
Dataset 1,80-10,80-10-3.txt,3541,8355,0.438915,84,84,8355,3810,23041,1
Dataset 1,80-10,80-10-4.txt,3420,7964,0.242851,87,87,7964,3681,21921,1
Dataset 1,80-10,80-10-5.txt,3483,8168,0.482557,97,97,8168,3758,22528,1
Dataset 1,80-10,80-10-6.txt,3440,8050,0.243466,91,91,8050,3705,22171,0
Dataset 1,80-10,80-10-7.txt,3379,7841,0.433433,91,91,7841,3645,21609,1
Dataset 1,80-10,80-10-8.txt,3323,7679,0.353521,90,90,7679,3586,21108,1
Dataset 1,80-10,80-10-9.txt,3589,8493,0.294891,85,85,8493,3863,23490,1
Dataset 1,70-10,70-10-1.txt,3065,7210,0.736543,78,78,7210,3305,19848,1
Dataset 1,70-10,70-10-10.txt,2998,6989,0.293009,82,82,6989,3238,19231,1
Dataset 1,70-10,70-10-2.txt,3079,7249,0.353203,81,81,7249,3312,19972,1
Dataset 1,70-10,70-10-3.txt,3111,7344,0.328229,78,78,7344,3352,20241,1
Dataset 1,70-10,70-10-4.txt,3146,7451,0.235359,79,79,7451,3392,20587,1
Dataset 1,70-10,70-10-5.txt,3222,7683,0.308649,80,80,7683,3478,21253,1
Dataset 1,70-10,70-10-6.txt,2993,6975,0.338747,78,78,6975,3228,19197,1
Dataset 1,70-10,70-10-7.txt,3185,7571,0.61492,81,81,7571,3430,20903,1
Dataset 1,70-10,70-10-8.txt,2838,6493,0.164661,80,80,6493,3065,17779,0
Dataset 1,70-10,70-10-9.txt,3017,7063,0.157751,80,80,7063,3256,19445,0
Dataset 1,70-12,70-12-1.txt,4622,11464,0.953086,78,78,11464,4908,31973,1
Dataset 1,70-12,70-12-10.txt,4580,11344,0.915609,83,83,11344,4871,31648,1
Dataset 1,70-12,70-12-2.txt,4580,11344,0.682519,84,84,11344,4863,31637,1
Dataset 1,70-12,70-12-3.txt,4577,11341,1.11652,79,79,11341,4868,31616,1
Dataset 1,70-12,70-12-4.txt,4705,11720,0.806593,81,81,11720,4998,32668,1
Dataset 1,70-12,70-12-5.txt,4536,11225,1.01762,79,79,11225,4818,31276,1
Dataset 1,70-12,70-12-6.txt,4534,11187,0.911747,81,81,11187,4818,31131,1
Dataset 1,70-12,70-12-7.txt,4630,11489,0.942817,84,84,11489,4919,32028,1
Dataset 1,70-12,70-12-8.txt,4728,11809,0.735754,81,81,11809,5020,32910,1
Dataset 1,70-12,70-12-9.txt,4724,11777,0.728663,79,79,11777,5011,32872,1
Dataset 1,80-12,80-12-1.txt,5205,12872,1.15742,94,94,12872,5529,35825,1
Dataset 1,80-12,80-12-10.txt,5342,13286,1.21199,91,91,13286,5671,37068,1
Dataset 1,80-12,80-12-2.txt,5224,12930,0.737666,97,97,12930,5553,36102,1
Dataset 1,80-12,80-12-3.txt,5529,13876,1.18472,102,102,13876,5882,38790,1
Dataset 1,80-12,80-12-4.txt,5312,13199,0.833973,94,94,13199,5638,36740,1
Dataset 1,80-12,80-12-5.txt,5127,12622,0.748342,93,93,12622,5445,35205,1
Dataset 1,80-12,80-12-6.txt,5327,13260,1.10396,92,92,13260,5663,37000,1
Dataset 1,80-12,80-12-7.txt,5395,13446,1.27029,88,88,13446,5723,37538,1
Dataset 1,80-12,80-12-8.txt,5236,12973,0.681195,96,96,12973,5569,36174,1
Dataset 1,80-12,80-12-9.txt,5305,13192,1.17816,98,98,13192,5635,36829,1
Dataset 2,120-2,120-2-1.txt,21158,40469,1.71951,50,50,40469,21281,106911,0
Dataset 2,120-2,120-2-10.txt,21734,41826,1.15029,48,48,41826,21857,110614,1
Dataset 2,120-2,120-2-2.txt,20044,38244,1.72516,52,52,38244,20167,101048,1
Dataset 2,120-2,120-2-3.txt,21201,39927,1.84777,50,50,39927,21324,105060,1
Dataset 2,120-2,120-2-4.txt,22258,43834,1.97117,47,47,43834,22381,116868,0
Dataset 2,120-2,120-2-5.txt,20025,35886,1.19236,52,52,35886,20148,93119,0
Dataset 2,120-2,120-2-6.txt,21666,42542,1.26096,48,48,42542,21789,112929,0
Dataset 2,120-2,120-2-7.txt,22165,44152,2.58121,48,48,44152,22288,118192,1
Dataset 2,120-2,120-2-8.txt,21446,41350,2.40067,48,48,41350,21569,109511,0
Dataset 2,120-2,120-2-9.txt,20807,40100,1.42181,48,48,40100,20930,106248,1
Dataset 2,600-2,600-2-1.txt,122086,252313,130.07,238,238,252313,122689,679418,1
Dataset 2,600-2,600-2-10.txt,127123,259636,73.9692,241,241,259636,127726,699062,0
Dataset 2,600-2,600-2-2.txt,122790,251358,83.8244,238,238,251358,123393,674517,1
Dataset 2,600-2,600-2-3.txt,125600,258051,86.7515,239,239,258051,126203,696019,0
Dataset 2,600-2,600-2-4.txt,120551,242665,113.677,247,247,242665,121154,648050,1
Dataset 2,600-2,600-2-5.txt,123804,251899,61.807,244,244,251899,124407,676703,1
Dataset 2,600-2,600-2-6.txt,122297,249593,80.5335,243,243,249593,122900,671488,0
Dataset 2,600-2,600-2-7.txt,121584,249518,105.725,242,242,249518,122187,669143,1
Dataset 2,600-2,600-2-8.txt,121639,250470,92.3831,235,235,250470,122242,672775,1
Dataset 2,600-2,600-2-9.txt,123611,253607,87.2568,239,239,253607,124214,681397,1
Dataset 2,700-2,700-2-1.txt,141982,287029,96.7148,285,285,287029,142685,769170,1
Dataset 2,700-2,700-2-10.txt,148484,304466,124.074,283,283,304466,149187,819078,1
Dataset 2,700-2,700-2-2.txt,144514,297129,138.339,279,279,297129,145217,800834,1
Dataset 2,700-2,700-2-3.txt,144418,296129,122.774,283,283,296129,145121,792877,1
Dataset 2,700-2,700-2-4.txt,143760,297790,139.747,275,275,297790,144463,800700,1
Dataset 2,700-2,700-2-5.txt,143998,294764,129.076,281,281,294764,144701,791375,1
Dataset 2,700-2,700-2-6.txt,146561,302376,129.487,278,278,302376,147264,813826,1
Dataset 2,700-2,700-2-7.txt,145893,290768,85.8397,295,295,290768,146596,777707,1
Dataset 2,700-2,700-2-8.txt,147157,304911,153.384,278,278,304911,147860,819939,1
Dataset 2,700-2,700-2-9.txt,146379,298037,71.9073,286,286,298037,147082,799151,0
Dataset 2,250-2,250-2-1.txt,49807,101163,15.5815,98,98,101163,50060,271426,0
Dataset 2,250-2,250-2-10.txt,49945,98582,10.9164,102,102,98582,50198,263204,0
Dataset 2,250-2,250-2-2.txt,48560,96360,10.2192,101,101,96360,48813,256633,1
Dataset 2,250-2,250-2-3.txt,46397,89965,9.36623,104,104,89965,46650,238040,1
Dataset 2,250-2,250-2-4.txt,48097,95488,5.93507,102,102,95488,48350,254739,1
Dataset 2,250-2,250-2-5.txt,46808,93528,12.6049,102,102,93528,47061,249677,1
Dataset 2,250-2,250-2-6.txt,48233,96454,10.2127,101,101,96454,48486,257581,0
Dataset 2,250-2,250-2-7.txt,47615,94580,10.098,103,103,94580,47868,252676,1
Dataset 2,250-2,250-2-8.txt,49407,98995,13.7603,100,100,98995,49660,266055,1
Dataset 2,250-2,250-2-9.txt,49474,99375,8.93755,101,101,99375,49727,267437,1
Dataset 2,500-2,500-2-1.txt,102378,209096,59.1663,201,201,209096,102881,559993,1
Dataset 2,500-2,500-2-10.txt,100222,205679,74.6189,197,197,205679,100725,551886,1
Dataset 2,500-2,500-2-2.txt,102760,211513,88.2543,195,195,211513,103263,569092,1
Dataset 2,500-2,500-2-3.txt,103145,208745,51.3363,203,203,208745,103648,559716,1
Dataset 2,500-2,500-2-4.txt,103013,208470,100.508,203,203,208470,103516,558761,1
Dataset 2,500-2,500-2-5.txt,101561,207731,54.7856,199,199,207731,102064,557083,1
Dataset 2,500-2,500-2-6.txt,102250,206939,50.1869,202,202,206939,102753,554795,0
Dataset 2,500-2,500-2-7.txt,105891,216928,78.4468,199,199,216928,106394,585853,1
Dataset 2,500-2,500-2-8.txt,103113,209802,80.3678,200,200,209802,103616,563164,1
Dataset 2,500-2,500-2-9.txt,100640,204420,30.682,203,203,204420,101143,547909,1
Dataset 3,15-100-2,15-100-2-1.txt,29609,84651,359.348,14,14,84651,29816,227398,161
Dataset 3,15-100-2,15-100-2-10.txt,31745,91050,79.6181,14,14,91050,31968,244693,1
Dataset 3,15-100-2,15-100-2-2.txt,29791,85200,1657.28,14,14,85200,29997,229738,151
Dataset 3,15-100-2,15-100-2-3.txt,32487,93199,515.575,13,13,93199,32712,250634,213
Dataset 3,15-100-2,15-100-2-4.txt,30962,88783,367.357,13,13,88783,31182,237328,215
Dataset 3,15-100-2,15-100-2-5.txt,29605,84796,473.501,14,14,84796,29821,225584,220
Dataset 3,15-100-2,15-100-2-6.txt,29385,83943,1800.05,14,16,83943,29593,225025,1030
Dataset 3,15-100-2,15-100-2-7.txt,30659,87710,1312.87,13,13,87710,30871,236381,531
Dataset 3,15-100-2,15-100-2-8.txt,31608,90696,501.857,14,14,90696,31835,242376,149
Dataset 3,15-100-2,15-100-2-9.txt,31307,89746,1067.47,14,14,89746,31525,241257,197
Dataset 3,10-100-6,10-100-6-1.txt,24533,70386,1378.21,12,12,70386,24681,197613,1966
Dataset 3,10-100-6,10-100-6-10.txt,24464,70112,320.175,12,12,70112,24610,197447,1
Dataset 3,10-100-6,10-100-6-2.txt,24076,68988,290.172,11,11,68988,24225,192618,1
Dataset 3,10-100-6,10-100-6-3.txt,23875,68339,498.182,13,13,68339,24018,192374,301
Dataset 3,10-100-6,10-100-6-4.txt,24544,70333,514.067,12,12,70333,24689,198204,18
Dataset 3,10-100-6,10-100-6-5.txt,25708,73901,667.753,12,12,73901,25862,207288,887
Dataset 3,10-100-6,10-100-6-6.txt,23160,66213,228.249,11,11,66213,23300,185970,1
Dataset 3,10-100-6,10-100-6-7.txt,24128,69209,1800.01,12,16,69209,24276,193555,1619
Dataset 3,10-100-6,10-100-6-8.txt,23443,67040,1535.31,12,12,67040,23583,188883,362
Dataset 3,10-100-6,10-100-6-9.txt,24787,71106,507.215,12,12,71106,24936,200070,167
Dataset 3,10-100-4,10-100-4-1.txt,22182,63390,1148.56,11,11,63390,22321,176274,500
Dataset 3,10-100-4,10-100-4-10.txt,22026,62944,270.625,10,10,62944,22167,174200,1
Dataset 3,10-100-4,10-100-4-2.txt,24440,70068,358.758,10,10,70068,24586,196641,107
Dataset 3,10-100-4,10-100-4-3.txt,22038,62950,501.445,10,10,62950,22176,175201,30
Dataset 3,10-100-4,10-100-4-4.txt,23532,67365,861.805,11,11,67365,23676,188416,16
Dataset 3,10-100-4,10-100-4-5.txt,22936,65555,295.159,10,10,65555,23075,183428,1
Dataset 3,10-100-4,10-100-4-6.txt,21703,62023,575.378,10,10,62023,21846,170815,28
Dataset 3,10-100-4,10-100-4-7.txt,22923,65643,906.835,11,11,65643,23068,181761,111
Dataset 3,10-100-4,10-100-4-8.txt,23383,66964,652.721,11,11,66964,23529,186583,43
Dataset 3,10-100-4,10-100-4-9.txt,24781,71166,2.38318,11,11,71166,24933,198142,0
Dataset 3,10-100-2,10-100-2-1.txt,20097,57444,402.791,9,9,57444,20243,154107,47
Dataset 3,10-100-2,10-100-2-10.txt,19262,54847,1800.01,10,11,54847,19402,147301,98
Dataset 3,10-100-2,10-100-2-2.txt,18989,54050,433.99,10,10,54050,19123,145835,42
Dataset 3,10-100-2,10-100-2-3.txt,19144,54578,499.907,9,9,54578,19287,145307,55
Dataset 3,10-100-2,10-100-2-4.txt,20326,58020,649.123,9,9,58020,20467,157554,113
Dataset 3,10-100-2,10-100-2-5.txt,20575,58821,198.993,10,10,58821,20719,158441,1
Dataset 3,10-100-2,10-100-2-6.txt,19922,56958,676.151,9,9,56958,20069,151959,218
Dataset 3,10-100-2,10-100-2-7.txt,20110,57387,1801.26,9,10,57387,20249,155553,384
Dataset 3,10-100-2,10-100-2-8.txt,21296,60966,302.644,10,10,60966,21446,164213,1
Dataset 3,10-100-2,10-100-2-9.txt,20046,57202,1800.19,10,11,57202,20189,153618,28
Dataset 3,15-100-4,15-100-4-1.txt,32086,91697,1800.01,14,17,91697,32287,253933,870
Dataset 3,15-100-4,15-100-4-10.txt,36617,105245,1067.84,15,15,105245,36836,292948,235
Dataset 3,15-100-4,15-100-4-2.txt,37353,107549,412.637,14,14,107549,37581,298081,142
Dataset 3,15-100-4,15-100-4-3.txt,34319,98357,1800.01,15,16,98357,34529,273169,2991
Dataset 3,15-100-4,15-100-4-4.txt,35528,101957,483.404,15,15,101957,35742,283523,198
Dataset 3,15-100-4,15-100-4-5.txt,36745,105596,1802.81,15,17,105596,36965,293747,2568
Dataset 3,15-100-4,15-100-4-6.txt,36124,103784,1800.01,15,18,103784,36342,288567,2486
Dataset 3,15-100-4,15-100-4-7.txt,33775,96657,486.115,14,14,96657,33977,269499,205
Dataset 3,15-100-4,15-100-4-8.txt,37667,108378,1479.01,15,15,108378,37892,301721,216
Dataset 3,15-100-4,15-100-4-9.txt,36379,104502,1800.1,14,15,104502,36597,290960,764
Dataset 3,10-100-8,10-100-8-1.txt,24797,71188,200.048,13,13,71188,24946,201028,1
Dataset 3,10-100-8,10-100-8-10.txt,26009,74778,234.96,13,13,74778,26162,211457,1
Dataset 3,10-100-8,10-100-8-2.txt,25316,72758,412.884,13,13,72758,25468,205212,12
Dataset 3,10-100-8,10-100-8-3.txt,23649,67648,227.287,12,12,67648,23794,190772,1
Dataset 3,10-100-8,10-100-8-4.txt,27529,79348,269.95,12,12,79348,27691,224254,1
Dataset 3,10-100-8,10-100-8-5.txt,24628,70601,131.013,11,11,70601,24774,199725,4
Dataset 3,10-100-8,10-100-8-6.txt,25463,73179,58.2996,14,14,73179,25614,207020,1
Dataset 3,10-100-8,10-100-8-7.txt,25590,73533,242.814,13,13,73533,25740,208033,1
Dataset 3,10-100-8,10-100-8-8.txt,25414,72979,76.138,11,11,72979,25568,205242,1
Dataset 3,10-100-8,10-100-8-9.txt,26355,75763,714.939,13,13,75763,26514,213500,78
Dataset 3,15-100-6,15-100-6-1.txt,36264,103976,929.156,16,16,103976,36477,292339,423
Dataset 3,15-100-6,15-100-6-10.txt,37777,108642,896.554,16,16,108642,38000,304269,202
Dataset 3,15-100-6,15-100-6-2.txt,38085,109534,1800.03,16,18,109534,38307,307117,549
Dataset 3,15-100-6,15-100-6-3.txt,38894,111847,1800.02,16,22,111847,39117,314508,1551
Dataset 3,15-100-6,15-100-6-4.txt,38858,111875,1800.02,16,23,111875,39084,313817,2330
Dataset 3,15-100-6,15-100-6-5.txt,37509,107821,1800.02,16,19,107821,37727,302315,718
Dataset 3,15-100-6,15-100-6-6.txt,36640,105153,1800.01,15,25,105153,36852,295884,2552
Dataset 3,15-100-6,15-100-6-7.txt,37174,106839,1110.72,14,14,106839,37395,298820,373
Dataset 3,15-100-6,15-100-6-8.txt,39741,114463,1800.01,16,17,114463,39968,321988,225
Dataset 3,15-100-6,15-100-6-9.txt,36270,104060,423.897,17,17,104060,36482,291908,138
Dataset 3,15-100-8,15-100-8-1.txt,38038,109286,615.341,16,16,109286,38259,307439,141
Dataset 3,15-100-8,15-100-8-10.txt,38862,111751,1800.01,16,25,111751,39086,315311,2143
Dataset 3,15-100-8,15-100-8-2.txt,39721,114335,1254.37,17,17,114335,39945,323161,1167
Dataset 3,15-100-8,15-100-8-3.txt,38707,111314,765.432,16,16,111314,38933,312983,314
Dataset 3,15-100-8,15-100-8-4.txt,39254,113012,1800.01,16,22,113012,39479,318255,1165
Dataset 3,15-100-8,15-100-8-5.txt,37779,108552,1800.01,16,24,108552,37997,306044,1148
Dataset 3,15-100-8,15-100-8-6.txt,37488,107599,1800.01,16,19,107599,37702,304049,619
Dataset 3,15-100-8,15-100-8-7.txt,38380,110598,1800.01,17,27,110598,38598,312919,1953
Dataset 3,15-100-8,15-100-8-8.txt,37954,109026,1800.01,17,30,109026,38171,307826,2153
Dataset 3,15-100-8,15-100-8-9.txt,39273,113062,713.553,17,17,113062,39501,318146,129
Dataset 4,75-400-5,75-400-5-1.txt,194037,478161,1800.01,75,1.00E+100,478161,194369,1340928,1
Dataset 4,75-400-5,75-400-5-10.txt,199546,493747,1800,75,1.00E+100,493747,199882,1390752,1
Dataset 4,75-400-5,75-400-5-2.txt,190962,466348,1800.05,75,85,466348,191283,1313002,1
Dataset 4,75-400-5,75-400-5-3.txt,193845,475857,1800.06,74,90,475857,194175,1340404,1
Dataset 4,75-400-5,75-400-5-4.txt,195800,482525,1800,76,1.00E+100,482525,196132,1358050,1
Dataset 4,75-400-5,75-400-5-5.txt,190221,467033,1800.07,74,105,467033,190548,1311062,1
Dataset 4,75-400-5,75-400-5-6.txt,196523,483693,1800.05,75,114,483693,196858,1360638,1
Dataset 4,75-400-5,75-400-5-7.txt,182320,445020,1800.02,76,1.00E+100,445020,182641,1246550,1
Dataset 4,75-400-5,75-400-5-8.txt,200600,499115,1800,75,1.00E+100,499115,200943,1401978,1
Dataset 4,75-400-5,75-400-5-9.txt,201423,497274,1800.04,75,86,497274,201760,1402891,1
Dataset 4,75-500-5,75-500-5-1.txt,314661,814053,1800,76,1.00E+100,814053,315075,2293234,1
Dataset 4,75-500-5,75-500-5-10.txt,306877,791594,1800.02,75,1.00E+100,791594,307281,2231841,1
Dataset 4,75-500-5,75-500-5-2.txt,315356,813255,1800,75,1.00E+100,813255,315761,2300621,1
Dataset 4,75-500-5,75-500-5-3.txt,303491,781104,1800.08,76,142,781104,303894,2200435,1
Dataset 4,75-500-5,75-500-5-4.txt,319807,829193,1800.07,75,148,829193,320220,2343691,1
Dataset 4,75-500-5,75-500-5-5.txt,310719,800875,1800,76,1.00E+100,800875,311125,2263502,1
Dataset 4,75-500-5,75-500-5-6.txt,320136,828415,1800.14,76,171,828415,320552,2339528,1
Dataset 4,75-500-5,75-500-5-7.txt,317115,819337,1800.01,75,1.00E+100,819337,317526,2317270,1
Dataset 4,75-500-5,75-500-5-8.txt,315754,817269,1800.01,76,1.00E+100,817269,316167,2304703,1
Dataset 4,75-500-5,75-500-5-9.txt,307221,793263,1800,75,1.00E+100,793263,307631,2232728,1
Dataset 4,50-400-5,50-400-5-1.txt,118269,285654,1081.23,50,50,285654,118485,800676,73
Dataset 4,50-400-5,50-400-5-10.txt,123048,300704,1143.58,51,51,300704,123270,842723,161
Dataset 4,50-400-5,50-400-5-2.txt,127461,313344,1796.24,52,52,313344,127686,879536,625
Dataset 4,50-400-5,50-400-5-3.txt,121512,297751,1800.03,51,52,297751,121732,833283,300
Dataset 4,50-400-5,50-400-5-4.txt,130003,317150,1800.12,51,52,317150,130225,892956,109
Dataset 4,50-400-5,50-400-5-5.txt,123449,300382,1261.27,50,50,300382,123666,842860,28
Dataset 4,50-400-5,50-400-5-6.txt,112720,269047,978.894,50,50,269047,112927,751542,55
Dataset 4,50-400-5,50-400-5-7.txt,133748,329749,1800.06,51,59,329749,133977,929537,573
Dataset 4,50-400-5,50-400-5-8.txt,120030,289723,1325.43,51,51,289723,120245,812881,241
Dataset 4,50-400-5,50-400-5-9.txt,121447,294612,1800.05,51,54,294612,121665,826020,587
Dataset 4,75-400-7,75-400-7-1.txt,191079,466331,1800.05,77,119,466331,191404,1313730,1
Dataset 4,75-400-7,75-400-7-10.txt,197516,483474,1800.04,76,106,483474,197846,1365522,1
Dataset 4,75-400-7,75-400-7-2.txt,190248,462565,1800.06,75,110,462565,190568,1305901,1
Dataset 4,75-400-7,75-400-7-3.txt,206221,508574,1800.05,75,127,508574,206559,1439271,1
Dataset 4,75-400-7,75-400-7-4.txt,195291,478366,1800.06,77,117,478366,195619,1348531,1
Dataset 4,75-400-7,75-400-7-5.txt,201538,496100,1800,76,1.00E+100,496100,201872,1400623,1
Dataset 4,75-400-7,75-400-7-6.txt,195760,477990,1800.06,76,122,477990,196085,1349589,1
Dataset 4,75-400-7,75-400-7-7.txt,206876,511286,1800.04,75,120,511286,207217,1444733,1
Dataset 4,75-400-7,75-400-7-8.txt,198237,489493,1800.04,76,130,489493,198574,1377670,1
Dataset 4,75-400-7,75-400-7-9.txt,200850,494358,1800.05,78,129,494358,201186,1395405,1
Dataset 4,100-400-3,100-400-3-1.txt,253719,630611,1800.01,99,1.00E+100,630611,254164,1758416,1
Dataset 4,100-400-3,100-400-3-10.txt,249174,616631,1800.02,98,1.00E+100,616631,249613,1716162,1
Dataset 4,100-400-3,100-400-3-2.txt,244426,602819,1800.01,99,1.00E+100,602819,244857,1680759,1
Dataset 4,100-400-3,100-400-3-3.txt,241965,598437,1800,98,1.00E+100,598437,242402,1662661,1
Dataset 4,100-400-3,100-400-3-4.txt,248716,615701,1800.03,99,1.00E+100,615701,249156,1713173,1
Dataset 4,100-400-3,100-400-3-5.txt,243725,600952,1800.01,99,1.00E+100,600952,244157,1674003,1
Dataset 4,100-400-3,100-400-3-6.txt,235578,578782,1800.05,98,147,578782,236003,1609633,1
Dataset 4,100-400-3,100-400-3-7.txt,247305,609000,1800.06,99,153,609000,247735,1699949,1
Dataset 4,100-400-3,100-400-3-8.txt,237060,584881,1800,99,1.00E+100,584881,237492,1621447,1
Dataset 4,100-400-3,100-400-3-9.txt,246305,608554,1800.01,98,1.00E+100,608554,246742,1691745,1
Dataset 4,100-500-7,100-500-7-1.txt,431158,1114518,1800.02,101,1.00E+100,1114518,431703,3159057,0
Dataset 4,100-500-7,100-500-7-10.txt,442672,1147681,1800.14,100,1.00E+100,1147681,443223,3258804,0
Dataset 4,100-500-7,100-500-7-2.txt,433130,1117173,1800.02,100,1.00E+100,1117173,433667,3174837,0
Dataset 4,100-500-7,100-500-7-3.txt,442225,1145111,1800.06,100,1.00E+100,1145111,442774,3252539,0
Dataset 4,100-500-7,100-500-7-4.txt,438103,1133682,1800.04,100,1.00E+100,1133682,438650,3219236,0
Dataset 4,100-500-7,100-500-7-5.txt,445242,1156169,1800.03,99,1.00E+100,1156169,445798,3279098,0
Dataset 4,100-500-7,100-500-7-6.txt,426741,1102469,1800.04,99,1.00E+100,1102469,427284,3123845,0
Dataset 4,100-500-7,100-500-7-7.txt,437636,1133898,1800.02,101,1.00E+100,1133898,438186,3216401,0
Dataset 4,100-500-7,100-500-7-8.txt,430531,1109436,1800.04,99,1.00E+100,1109436,431062,3154914,0
Dataset 4,100-500-7,100-500-7-9.txt,438680,1136123,1800.02,100,1.00E+100,1136123,439229,3223457,0
Dataset 4,100-500-5,100-500-5-1.txt,426186,1106959,1800.15,100,1.00E+100,1106959,426735,3125169,0
Dataset 4,100-500-5,100-500-5-10.txt,432367,1122022,1800.03,99,1.00E+100,1122022,432914,3173209,0
Dataset 4,100-500-5,100-500-5-2.txt,437904,1136885,1800.01,99,1.00E+100,1136885,438455,3220454,0
Dataset 4,100-500-5,100-500-5-3.txt,434021,1125144,1800.03,100,1.00E+100,1125144,434569,3184750,0
Dataset 4,100-500-5,100-500-5-4.txt,442293,1152337,1800.01,99,1.00E+100,1152337,442856,3256581,0
Dataset 4,100-500-5,100-500-5-5.txt,432901,1122036,1800.02,99,1.00E+100,1122036,433449,3173486,0
Dataset 4,100-500-5,100-500-5-6.txt,427599,1109151,1800.04,99,1.00E+100,1109151,428148,3134519,0
Dataset 4,100-500-5,100-500-5-7.txt,432555,1122549,1800.04,100,1.00E+100,1122549,433104,3174785,0
Dataset 4,100-500-5,100-500-5-8.txt,413896,1068903,1800.16,99,1.00E+100,1068903,414433,3017215,0
Dataset 4,100-500-5,100-500-5-9.txt,424708,1097177,1800.04,99,1.00E+100,1097177,425248,3103122,0
Dataset 4,50-500-7,50-500-7-1.txt,217451,560738,1800.01,52,1.00E+100,560738,217728,1593580,1
Dataset 4,50-500-7,50-500-7-10.txt,212575,549783,1800.06,52,65,549783,212860,1551473,1
Dataset 4,50-500-7,50-500-7-2.txt,226103,589046,1800.05,52,74,589046,226396,1668749,1
Dataset 4,50-500-7,50-500-7-3.txt,215953,558267,1800.06,53,61,558267,216236,1583797,1
Dataset 4,50-500-7,50-500-7-4.txt,220527,570285,1800.07,52,103,570285,220811,1617900,1
Dataset 4,50-500-7,50-500-7-5.txt,209654,538069,1800.04,52,62,538069,209930,1523856,1
Dataset 4,50-500-7,50-500-7-6.txt,214621,553715,1800.01,52,1.00E+100,553715,214900,1568260,1
Dataset 4,50-500-7,50-500-7-7.txt,212077,547147,1800,52,1.00E+100,547147,212357,1547978,1
Dataset 4,50-500-7,50-500-7-8.txt,221340,571769,1800.04,51,62,571769,221623,1626431,1
Dataset 4,50-500-7,50-500-7-9.txt,209318,538078,1800.05,52,106,538078,209593,1525369,1
Dataset 4,50-500-5,50-500-5-1.txt,205853,529131,1800.05,51,97,529131,206127,1493575,1
Dataset 4,50-500-5,50-500-5-10.txt,205809,529166,1800,51,1.00E+100,529166,206085,1493246,1
Dataset 4,50-500-5,50-500-5-2.txt,208257,538378,1800.05,51,56,538378,208540,1515032,1
Dataset 4,50-500-5,50-500-5-3.txt,197919,508990,1800,52,1.00E+100,508990,198192,1430103,1
Dataset 4,50-500-5,50-500-5-4.txt,206229,529515,1800.05,51,56,529515,206501,1499111,1
Dataset 4,50-500-5,50-500-5-5.txt,211691,545464,1800.04,50,59,545464,211967,1544267,1
Dataset 4,50-500-5,50-500-5-6.txt,202575,519797,1800.05,52,57,519797,202847,1468126,1
Dataset 4,50-500-5,50-500-5-7.txt,202084,519338,1800.04,51,81,519338,202355,1465279,1
Dataset 4,50-500-5,50-500-5-8.txt,216275,559266,1800.03,50,1.00E+100,559266,216554,1582362,1
Dataset 4,50-500-5,50-500-5-9.txt,219205,568920,1800.06,52,58,568920,219493,1606818,1
Dataset 4,100-400-5,100-400-5-1.txt,264676,656384,1824.11,100,162,656384,265123,1841957,1
Dataset 4,100-400-5,100-400-5-10.txt,262916,649014,1800.06,99,177,649014,263354,1827303,1
Dataset 4,100-400-5,100-400-5-2.txt,264199,650488,1800,100,1.00E+100,650488,264631,1834002,1
Dataset 4,100-400-5,100-400-5-3.txt,256420,629033,1800.06,99,158,629033,256849,1769788,1
Dataset 4,100-400-5,100-400-5-4.txt,267567,660797,1800.06,99,163,660797,268008,1861137,1
Dataset 4,100-400-5,100-400-5-5.txt,261709,645798,1800.06,99,160,645798,262147,1818500,1
Dataset 4,100-400-5,100-400-5-6.txt,255858,626416,1800.05,100,180,626416,256284,1763903,1
Dataset 4,100-400-5,100-400-5-7.txt,265633,656205,1800.05,100,164,656205,266075,1848814,1
Dataset 4,100-400-5,100-400-5-8.txt,259968,640744,1800.06,99,158,640744,260403,1801199,1
Dataset 4,100-400-5,100-400-5-9.txt,258669,634266,1800.05,100,161,634266,259092,1787103,1
Dataset 4,50-500-3,50-500-3-1.txt,192454,494477,1814.54,50,59,494477,192723,1383538,1
Dataset 4,50-500-3,50-500-3-10.txt,187801,480529,1800.01,50,1.00E+100,480529,188067,1341110,1
Dataset 4,50-500-3,50-500-3-2.txt,193795,500521,1800.09,50,89,500521,194069,1396227,1
Dataset 4,50-500-3,50-500-3-3.txt,198435,511781,1800.04,50,87,511781,198709,1432550,1
Dataset 4,50-500-3,50-500-3-4.txt,189321,485761,1800.07,50,88,485761,189588,1358258,1
Dataset 4,50-500-3,50-500-3-5.txt,186255,477221,1800.01,49,1.00E+100,477221,186523,1331595,1
Dataset 4,50-500-3,50-500-3-6.txt,197828,511030,1800,50,1.00E+100,511030,198103,1428814,1
Dataset 4,50-500-3,50-500-3-7.txt,191374,493273,1800.04,50,93,493273,191651,1370506,1
Dataset 4,50-500-3,50-500-3-8.txt,186800,478617,1800.01,51,1.00E+100,478617,187067,1332935,1
Dataset 4,50-500-3,50-500-3-9.txt,194618,503080,1800.01,50,1.00E+100,503080,194893,1402347,1
Dataset 4,75-500-3,75-500-3-1.txt,296181,766838,1800.34,75,1.00E+100,766838,296591,2140394,1
Dataset 4,75-500-3,75-500-3-10.txt,293263,757904,1880.25,74,1.00E+100,757904,293669,2116230,1
Dataset 4,75-500-3,75-500-3-2.txt,288027,740574,1877.85,74,127,740574,288422,2070902,1
Dataset 4,75-500-3,75-500-3-3.txt,287413,742186,1800.02,75,1.00E+100,742186,287817,2067393,1
Dataset 4,75-500-3,75-500-3-4.txt,299415,777059,1908.73,75,1.00E+100,777059,299828,2167714,1
Dataset 4,75-500-3,75-500-3-5.txt,298533,772152,1844.46,74,137,772152,298940,2160223,1
Dataset 4,75-500-3,75-500-3-6.txt,290106,750976,1853.57,75,1.00E+100,750976,290516,2089962,1
Dataset 4,75-500-3,75-500-3-7.txt,297660,772717,1861.49,74,1.00E+100,772717,298075,2153243,1
Dataset 4,75-500-3,75-500-3-8.txt,291931,757749,1804.8,75,1.00E+100,757749,292347,2103298,1
Dataset 4,75-500-3,75-500-3-9.txt,293458,760291,1800.02,74,1.00E+100,760291,293868,2118891,0
Dataset 4,50-400-3,50-400-3-1.txt,115563,281839,1660.13,50,50,281839,115780,784706,109
Dataset 4,50-400-3,50-400-3-10.txt,114455,277821,1311.17,50,50,277821,114667,771695,157
Dataset 4,50-400-3,50-400-3-2.txt,127166,314413,1800.04,50,52,314413,127393,879256,1
Dataset 4,50-400-3,50-400-3-3.txt,112072,271553,1371.24,50,50,271553,112285,751631,136
Dataset 4,50-400-3,50-400-3-4.txt,116157,282549,1576.26,50,50,282549,116371,785985,106
Dataset 4,50-400-3,50-400-3-5.txt,118134,289399,1800.03,50,51,289399,118354,804648,33
Dataset 4,50-400-3,50-400-3-6.txt,122552,300214,1800.02,51,52,300214,122774,837676,4
Dataset 4,50-400-3,50-400-3-7.txt,119389,293648,1491.09,50,50,293648,119612,815315,125
Dataset 4,50-400-3,50-400-3-8.txt,106961,257451,1205.14,49,49,257451,107171,711114,171
Dataset 4,50-400-3,50-400-3-9.txt,124421,307527,1554.36,50,50,307527,124649,856235,161
Dataset 4,100-500-3,100-500-3-1.txt,406549,1056301,1800.01,98,1.00E+100,1056301,407099,2951687,0
Dataset 4,100-500-3,100-500-3-10.txt,410166,1066018,1800.02,98,1.00E+100,1066018,410715,2980947,0
Dataset 4,100-500-3,100-500-3-2.txt,388708,1006082,1800.04,98,1.00E+100,1006082,389248,2803384,0
Dataset 4,100-500-3,100-500-3-3.txt,410911,1068008,1800.02,99,1.00E+100,1068008,411461,2987252,0
Dataset 4,100-500-3,100-500-3-4.txt,389957,1010228,1800.15,99,1.00E+100,1010228,390499,2815110,0
Dataset 4,100-500-3,100-500-3-5.txt,408266,1058338,1800.16,99,1.00E+100,1058338,408807,2970929,0
Dataset 4,100-500-3,100-500-3-6.txt,398413,1031044,1800.04,99,1.00E+100,1031044,398950,2884305,0
Dataset 4,100-500-3,100-500-3-7.txt,398953,1033897,1800.01,99,1.00E+100,1033897,399493,2891322,0
Dataset 4,100-500-3,100-500-3-8.txt,396213,1025035,1800,98,1.00E+100,1025035,396751,2864409,0
Dataset 4,100-500-3,100-500-3-9.txt,419952,1096293,1800.02,98,1.00E+100,1096293,420516,3065908,0
Dataset 4,75-500-7,75-500-7-1.txt,329381,849663,1800.01,76,1.00E+100,849663,329790,2417043,1
Dataset 4,75-500-7,75-500-7-10.txt,321649,830302,1800,77,1.00E+100,830302,322059,2355522,1
Dataset 4,75-500-7,75-500-7-2.txt,320431,825412,1800.08,77,174,825412,320838,2342485,1
Dataset 4,75-500-7,75-500-7-3.txt,319321,820759,1800.01,76,1.00E+100,820759,319726,2332113,1
Dataset 4,75-500-7,75-500-7-4.txt,324434,836176,1800.01,75,1.00E+100,836176,324841,2377625,1
Dataset 4,75-500-7,75-500-7-5.txt,328782,850248,1800.07,76,83,850248,329198,2414062,1
Dataset 4,75-500-7,75-500-7-6.txt,332905,863176,1800.19,75,168,863176,333327,2449179,1
Dataset 4,75-500-7,75-500-7-7.txt,324449,837250,1800.09,77,130,837250,324859,2378214,1
Dataset 4,75-500-7,75-500-7-8.txt,328212,848589,1805.06,75,1.00E+100,848589,328627,2408584,1
Dataset 4,75-500-7,75-500-7-9.txt,321641,831258,1800,77,1.00E+100,831258,322053,2355629,1
Dataset 4,75-400-3,75-400-3-1.txt,182343,447631,1800.01,74,1.00E+100,447631,182668,1248918,1
Dataset 4,75-400-3,75-400-3-10.txt,183533,451847,1800,75,1.00E+100,451847,183860,1257834,1
Dataset 4,75-400-3,75-400-3-2.txt,186034,457206,1800.01,74,1.00E+100,457206,186359,1278002,1
Dataset 4,75-400-3,75-400-3-3.txt,177968,439537,1800.03,75,112,439537,178299,1217252,1
Dataset 4,75-400-3,75-400-3-4.txt,188502,464392,1800.04,74,120,464392,188831,1296008,1
Dataset 4,75-400-3,75-400-3-5.txt,183220,453903,1800.03,74,1.00E+100,453903,183552,1261277,1
Dataset 4,75-400-3,75-400-3-6.txt,182125,446501,1800,74,1.00E+100,446501,182449,1245024,1
Dataset 4,75-400-3,75-400-3-7.txt,181807,446599,1800.04,74,104,446599,182133,1245581,1
Dataset 4,75-400-3,75-400-3-8.txt,182600,450028,1800.04,75,112,450028,182930,1249762,1
Dataset 4,75-400-3,75-400-3-9.txt,182777,448533,1800.04,75,119,448533,183101,1249440,1
Dataset 4,50-400-7,50-400-7-1.txt,123133,297343,1800.02,51,1.00E+100,297343,123349,836193,111
Dataset 4,50-400-7,50-400-7-10.txt,129966,318174,1800.06,52,60,318174,130193,897576,183
Dataset 4,50-400-7,50-400-7-2.txt,123231,295908,1800.03,53,57,295908,123447,833866,1353
Dataset 4,50-400-7,50-400-7-3.txt,131439,322472,1661.31,51,51,322472,131666,909949,132
Dataset 4,50-400-7,50-400-7-4.txt,127751,310625,1800.08,52,63,310625,127973,875981,435
Dataset 4,50-400-7,50-400-7-5.txt,129260,317865,1566.34,51,51,317865,129490,892174,72
Dataset 4,50-400-7,50-400-7-6.txt,127825,311857,1800.03,52,60,311857,128049,878143,136
Dataset 4,50-400-7,50-400-7-7.txt,127024,310093,1800.08,52,60,310093,127248,873188,729
Dataset 4,50-400-7,50-400-7-8.txt,126517,308521,1436.55,52,52,308521,126739,867055,143
Dataset 4,50-400-7,50-400-7-9.txt,132341,324641,1800.05,52,63,324641,132570,915384,103
Dataset 4,100-400-7,100-400-7-1.txt,264108,648187,1804.65,100,164,648187,264541,1833031,1
Dataset 4,100-400-7,100-400-7-10.txt,267804,658352,1800.06,101,175,658352,268243,1861292,1
Dataset 4,100-400-7,100-400-7-2.txt,269020,662045,1800,100,1.00E+100,662045,269456,1872523,1
Dataset 4,100-400-7,100-400-7-3.txt,262154,641013,1800.05,100,165,641013,262584,1810432,1
Dataset 4,100-400-7,100-400-7-4.txt,261147,641757,1800.01,99,1.00E+100,641757,261583,1809770,1
Dataset 4,100-400-7,100-400-7-5.txt,269284,664811,1800.06,100,115,664811,269730,1877287,1
Dataset 4,100-400-7,100-400-7-6.txt,267888,659253,1800.07,101,153,659253,268328,1861819,1
Dataset 4,100-400-7,100-400-7-7.txt,256561,626544,1800.01,100,1.00E+100,626544,256988,1770100,1
Dataset 4,100-400-7,100-400-7-8.txt,271122,668613,1800.1,100,157,668613,271563,1891389,1
Dataset 4,100-400-7,100-400-7-9.txt,266197,653169,1814.82,101,162,653169,266631,1847699,1